-- phpMyAdmin SQL Dump
-- version 3.4.11.1
-- http://www.phpmyadmin.net
--
-- Хост: localhost
-- Время создания: Окт 29 2012 г., 17:55
-- Версия сервера: 5.0.96
-- Версия PHP: 5.2.9

SET SQL_MODE="NO_AUTO_VALUE_ON_ZERO";
SET time_zone = "+00:00";


/*!40101 SET @OLD_CHARACTER_SET_CLIENT=@@CHARACTER_SET_CLIENT */;
/*!40101 SET @OLD_CHARACTER_SET_RESULTS=@@CHARACTER_SET_RESULTS */;
/*!40101 SET @OLD_COLLATION_CONNECTION=@@COLLATION_CONNECTION */;
/*!40101 SET NAMES utf8 */;

--
-- База данных: `wwwiling_ildb`
--

-- --------------------------------------------------------

--
-- Структура таблицы `certificate`
--

CREATE TABLE IF NOT EXISTS `certificate` (
  `id` int(11) NOT NULL auto_increment,
  `date` timestamp NOT NULL default CURRENT_TIMESTAMP,
  `name` varchar(100) collate utf8_unicode_ci NOT NULL,
  `student_id` int(5) NOT NULL,
  `school_groups_id` int(5) NOT NULL,
  `img` varchar(150) collate utf8_unicode_ci NOT NULL,
  PRIMARY KEY  (`id`)
) ENGINE=MyISAM  DEFAULT CHARSET=utf8 COLLATE=utf8_unicode_ci AUTO_INCREMENT=5 ;

--
-- Дамп данных таблицы `certificate`
--

INSERT INTO `certificate` (`id`, `date`, `name`, `student_id`, `school_groups_id`, `img`) VALUES
(4, '2012-07-18 14:54:22', 'db_scheme2', 32, 19, 'db_scheme2.pdf'),
(3, '2012-07-18 14:51:36', 'db_scheme1', 31, 18, 'db_scheme1.pdf');

-- --------------------------------------------------------

--
-- Структура таблицы `classroom`
--

CREATE TABLE IF NOT EXISTS `classroom` (
  `id` int(5) NOT NULL auto_increment,
  `group_format_id` int(5) NOT NULL default '1',
  `name` varchar(100) collate utf8_unicode_ci NOT NULL,
  `description` varchar(255) collate utf8_unicode_ci NOT NULL,
  PRIMARY KEY  (`id`)
) ENGINE=MyISAM  DEFAULT CHARSET=utf8 COLLATE=utf8_unicode_ci AUTO_INCREMENT=7 ;

--
-- Дамп данных таблицы `classroom`
--

INSERT INTO `classroom` (`id`, `group_format_id`, `name`, `description`) VALUES
(1, 1, 'Alli Azure', ''),
(2, 1, 'Deep Purple', ''),
(3, 2, 'Yellow Submarine', ''),
(4, 1, 'The Vert', ''),
(5, 1, 'Lemon Tree', ''),
(6, 1, 'Salsa', '');

-- --------------------------------------------------------

--
-- Структура таблицы `groups`
--

CREATE TABLE IF NOT EXISTS `groups` (
  `id` mediumint(8) unsigned NOT NULL auto_increment,
  `name` varchar(20) collate utf8_unicode_ci NOT NULL,
  `description` varchar(100) collate utf8_unicode_ci NOT NULL,
  PRIMARY KEY  (`id`)
) ENGINE=MyISAM  DEFAULT CHARSET=utf8 COLLATE=utf8_unicode_ci AUTO_INCREMENT=5 ;

--
-- Дамп данных таблицы `groups`
--

INSERT INTO `groups` (`id`, `name`, `description`) VALUES
(1, 'admin', 'Administrator'),
(2, 'members', 'General User'),
(3, 'teachers', ''),
(4, 'managers', '');

-- --------------------------------------------------------

--
-- Структура таблицы `group_format`
--

CREATE TABLE IF NOT EXISTS `group_format` (
  `id` int(5) NOT NULL auto_increment,
  `name` varchar(50) collate utf8_unicode_ci NOT NULL,
  `description` varchar(255) collate utf8_unicode_ci NOT NULL,
  PRIMARY KEY  (`id`)
) ENGINE=MyISAM  DEFAULT CHARSET=utf8 COLLATE=utf8_unicode_ci AUTO_INCREMENT=5 ;

--
-- Дамп данных таблицы `group_format`
--

INSERT INTO `group_format` (`id`, `name`, `description`) VALUES
(1, 'Индивидуальная', ''),
(2, 'Малая (3-5 чел.)', ''),
(3, 'Средняя (5-7 чел)', ''),
(4, 'Большая (10-15 чел)', '');

-- --------------------------------------------------------

--
-- Структура таблицы `lang`
--

CREATE TABLE IF NOT EXISTS `lang` (
  `id` int(5) NOT NULL auto_increment,
  `name` varchar(100) collate utf8_unicode_ci NOT NULL,
  `short_name` varchar(5) collate utf8_unicode_ci NOT NULL,
  `color` varchar(7) collate utf8_unicode_ci NOT NULL default '#E93030',
  PRIMARY KEY  (`id`)
) ENGINE=MyISAM  DEFAULT CHARSET=utf8 COLLATE=utf8_unicode_ci AUTO_INCREMENT=11 ;

--
-- Дамп данных таблицы `lang`
--

INSERT INTO `lang` (`id`, `name`, `short_name`, `color`) VALUES
(1, 'Английский', 'En', '#00aeff'),
(2, 'Немецкий', 'De', '#01c20f'),
(3, 'Французский', 'Fr', '#e92f30'),
(4, 'Итальянский', 'It', '#6739a5'),
(5, 'Испанский', 'Es', '#e6ac00'),
(7, 'Польский', 'Pl', '#40807f'),
(8, 'Русский', 'Ru', '#543018'),
(9, 'Китайский', 'Zh', '#888888'),
(10, 'Чешский', 'Cs', '#00baa5');

-- --------------------------------------------------------

--
-- Структура таблицы `level`
--

CREATE TABLE IF NOT EXISTS `level` (
  `id` int(5) NOT NULL auto_increment,
  `name` varchar(20) collate utf8_unicode_ci NOT NULL,
  `descriptiion` varchar(255) collate utf8_unicode_ci NOT NULL,
  PRIMARY KEY  (`id`)
) ENGINE=MyISAM  DEFAULT CHARSET=utf8 COLLATE=utf8_unicode_ci AUTO_INCREMENT=7 ;

--
-- Дамп данных таблицы `level`
--

INSERT INTO `level` (`id`, `name`, `descriptiion`) VALUES
(1, 'A1', ''),
(2, 'A2', ''),
(3, 'B1', ''),
(4, 'B2', ''),
(5, 'C1', ''),
(6, 'C2', '');

-- --------------------------------------------------------

--
-- Структура таблицы `log`
--

CREATE TABLE IF NOT EXISTS `log` (
  `id` int(11) NOT NULL auto_increment,
  `users_id` int(5) NOT NULL,
  `time` timestamp NOT NULL default CURRENT_TIMESTAMP,
  `message` varchar(255) collate utf8_unicode_ci NOT NULL,
  PRIMARY KEY  (`id`)
) ENGINE=MyISAM DEFAULT CHARSET=utf8 COLLATE=utf8_unicode_ci AUTO_INCREMENT=1 ;

-- --------------------------------------------------------

--
-- Структура таблицы `notice`
--

CREATE TABLE IF NOT EXISTS `notice` (
  `id` int(11) NOT NULL auto_increment,
  `from_user_id` int(5) NOT NULL,
  `to_user_id` int(5) NOT NULL,
  `time` timestamp NOT NULL default CURRENT_TIMESTAMP on update CURRENT_TIMESTAMP,
  `message` varchar(255) collate utf8_unicode_ci NOT NULL,
  PRIMARY KEY  (`id`)
) ENGINE=MyISAM DEFAULT CHARSET=utf8 COLLATE=utf8_unicode_ci AUTO_INCREMENT=1 ;

-- --------------------------------------------------------

--
-- Структура таблицы `payment`
--

CREATE TABLE IF NOT EXISTS `payment` (
  `id` int(11) NOT NULL auto_increment,
  `student_id` int(6) NOT NULL,
  `users_id` int(5) NOT NULL,
  `school_groups_id` int(11) default NULL,
  `summ` decimal(8,2) NOT NULL,
  `date` timestamp NOT NULL default CURRENT_TIMESTAMP,
  `comment` varchar(255) collate utf8_unicode_ci default NULL,
  `cnt_lessons` int(11) default NULL,
  `period_date_start` timestamp NOT NULL default '0000-00-00 00:00:00',
  `period_date_stop` timestamp NOT NULL default '0000-00-00 00:00:00',
  `payment_to` varchar(150) collate utf8_unicode_ci NOT NULL,
  `not_full` tinyint(1) NOT NULL default '0',
  PRIMARY KEY  (`id`)
) ENGINE=MyISAM  DEFAULT CHARSET=utf8 COLLATE=utf8_unicode_ci AUTO_INCREMENT=66 ;

--
-- Дамп данных таблицы `payment`
--

INSERT INTO `payment` (`id`, `student_id`, `users_id`, `school_groups_id`, `summ`, `date`, `comment`, `cnt_lessons`, `period_date_start`, `period_date_stop`, `payment_to`, `not_full`) VALUES
(1, 17, 2, 2, 200.00, '2012-04-22 21:00:00', 'Платеж принят нормально', 3, '0000-00-00 00:00:00', '0000-00-00 00:00:00', 'За обучение', 0),
(2, 17, 1, 2, 200.00, '2012-04-22 21:00:00', '', 0, '0000-00-00 00:00:00', '0000-00-00 00:00:00', 'За обучение', 0),
(3, 18, 1, 2, 200.00, '2012-04-24 21:00:00', '', 3, '0000-00-00 00:00:00', '0000-00-00 00:00:00', 'За обучение', 0),
(4, 18, 1, 2, 200.00, '2012-04-24 21:00:00', '', 3, '0000-00-00 00:00:00', '0000-00-00 00:00:00', 'За обучение', 0),
(5, 18, 1, 2, 200.00, '2012-04-24 21:00:00', '', 3, '0000-00-00 00:00:00', '0000-00-00 00:00:00', 'За обучение', 0),
(6, 18, 1, 2, 200.00, '2012-04-24 21:00:00', '', 3, '0000-00-00 00:00:00', '0000-00-00 00:00:00', 'За обучение', 0),
(7, 10, 2, 2, 250.00, '2012-04-25 10:53:12', 'Оплатил все', 9, '0000-00-00 00:00:00', '0000-00-00 00:00:00', '', 0),
(8, 10, 2, 2, 250.00, '2012-04-25 10:53:12', NULL, 8, '0000-00-00 00:00:00', '0000-00-00 00:00:00', '', 0),
(9, 10, 2, 2, 250.00, '2012-04-25 10:53:12', 'Оплатил все', 7, '0000-00-00 00:00:00', '0000-00-00 00:00:00', '', 0),
(10, 10, 2, 1, 250.00, '2012-04-25 10:53:12', NULL, 6, '0000-00-00 00:00:00', '0000-00-00 00:00:00', '', 0),
(11, 10, 2, 1, 250.00, '2012-04-25 10:53:12', 'Остался должен 20 грн.', 5, '0000-00-00 00:00:00', '0000-00-00 00:00:00', '', 0),
(13, 10, 2, 3, 250.00, '2012-04-25 10:53:12', 'Остался должен 20 грн.', 8, '0000-00-00 00:00:00', '0000-00-00 00:00:00', '', 0),
(14, 10, 2, 2, 250.00, '2012-04-25 10:53:12', NULL, 6, '0000-00-00 00:00:00', '0000-00-00 00:00:00', '', 0),
(15, 10, 2, 1, 250.00, '2012-04-25 10:53:12', 'Остался должен 20 грн.', 4, '0000-00-00 00:00:00', '0000-00-00 00:00:00', '', 0),
(16, 10, 2, 3, 250.00, '2012-04-25 10:53:12', NULL, 2, '0000-00-00 00:00:00', '0000-00-00 00:00:00', '', 0),
(17, 10, 1, NULL, 165.00, '2012-04-12 21:00:00', 'Частичная оплата', 3, '0000-00-00 00:00:00', '0000-00-00 00:00:00', 'За обучение', 0),
(18, 10, 1, NULL, 165.00, '2012-04-12 21:00:00', 'Часть оплаты', 3, '0000-00-00 00:00:00', '0000-00-00 00:00:00', 'За обучение', 0),
(19, 10, 2, 2, 320.00, '2012-04-26 21:00:00', 'Полная оплата', 5, '0000-00-00 00:00:00', '0000-00-00 00:00:00', 'За обучение', 0),
(20, 33, 3, 1, 165.00, '2012-04-11 21:00:00', 'Частичная оплата', 3, '0000-00-00 00:00:00', '0000-00-00 00:00:00', 'За обучение', 0),
(22, 34, 1, 2, 300.00, '2012-04-24 21:00:00', '', 0, '0000-00-00 00:00:00', '0000-00-00 00:00:00', 'За обучение', 0),
(23, 35, 1, 2, 450.00, '2012-04-24 21:00:00', '', 3, '0000-00-00 00:00:00', '0000-00-00 00:00:00', 'За обучение', 0),
(25, 10, 1, 2, 200.00, '2012-04-27 21:00:00', 'просто так', 3, '0000-00-00 00:00:00', '0000-00-00 00:00:00', 'За обучение', 0),
(49, 10, 1, 5, 320.00, '2012-05-02 21:00:00', 'Вукаодл', 5, '0000-00-00 00:00:00', '0000-00-00 00:00:00', 'За на бухло', 0),
(27, 10, 1, 2, 120.00, '2012-04-28 21:00:00', 'ва ва', 7, '0000-00-00 00:00:00', '0000-00-00 00:00:00', 'За обучение', 0),
(28, 10, 1, 2, 120.00, '2012-04-28 21:00:00', 'ва ва', 7, '0000-00-00 00:00:00', '0000-00-00 00:00:00', 'За обучение', 0),
(48, 10, 4, 2, 300.00, '2012-05-02 21:00:00', '', 5, '0000-00-00 00:00:00', '0000-00-00 00:00:00', 'За обучение', 0),
(31, 10, 1, 2, 30.00, '2012-04-29 21:00:00', 'занятие', 1, '0000-00-00 00:00:00', '0000-00-00 00:00:00', 'За обучение', 0),
(41, 10, 1, 2, 250.00, '2012-04-24 21:00:00', '', 3, '0000-00-00 00:00:00', '0000-00-00 00:00:00', 'За обучение', 0),
(50, 10, 1, 1, 235.00, '2012-05-02 21:00:00', '', 5, '0000-00-00 00:00:00', '0000-00-00 00:00:00', 'За обучение', 0),
(43, 10, 1, 1, 310.00, '2012-04-24 21:00:00', '', 3, '0000-00-00 00:00:00', '0000-00-00 00:00:00', 'За обучение', 0),
(44, 10, 1, 3, 260.00, '2012-04-26 21:00:00', '', 3, '0000-00-00 00:00:00', '0000-00-00 00:00:00', 'За обучение', 0),
(51, 19, 1, 11, 260.00, '2012-06-21 21:00:00', '', 3, '0000-00-00 00:00:00', '0000-00-00 00:00:00', 'За обучение', 1),
(52, 19, 1, 11, 320.00, '2012-06-21 21:00:00', '', 4, '0000-00-00 00:00:00', '0000-00-00 00:00:00', 'За обучение', 0),
(53, 19, 1, 11, 320.00, '2012-06-21 21:00:00', '', 4, '0000-00-00 00:00:00', '0000-00-00 00:00:00', 'За обучение', 0),
(54, 5, 1, 10, 100.00, '2012-06-24 21:00:00', '', 2, '0000-00-00 00:00:00', '0000-00-00 00:00:00', 'За обучение', 1),
(55, 5, 1, 10, 230.00, '2012-06-24 21:00:00', '', 4, '0000-00-00 00:00:00', '0000-00-00 00:00:00', 'За обучение', 0),
(56, 5, 1, 10, 234.00, '2012-06-24 21:00:00', 'werrrwwerwewrg fbrb trbeb', 4, '0000-00-00 00:00:00', '0000-00-00 00:00:00', 'За обучение', 0),
(57, 10, 1, 1, 260.00, '2012-06-24 21:00:00', '', 3, '0000-00-00 00:00:00', '0000-00-00 00:00:00', 'За обучение', 1),
(59, 20, 1, 22, 356.00, '2012-10-15 21:00:00', '', 0, '0000-00-00 00:00:00', '0000-00-00 00:00:00', 'За обучение', 0),
(60, 1, 1, 22, 833.00, '2012-10-15 21:00:00', '', 0, '0000-00-00 00:00:00', '0000-00-00 00:00:00', 'За обучение', 0),
(61, 23, 2, 25, 360.00, '2012-10-24 21:00:00', '', 0, '0000-00-00 00:00:00', '0000-00-00 00:00:00', 'За обучение', 0),
(62, 23, 1, 25, 350.00, '2012-10-25 21:00:00', '', 6, '2012-10-29 22:00:00', '2012-11-16 22:00:00', 'За обучение', 0),
(63, 23, 1, 25, 420.00, '2012-10-25 21:00:00', '', 27, '2012-10-26 21:00:00', '2013-01-25 22:00:00', 'За обучение', 0),
(64, 23, 1, 25, 420.00, '2012-10-26 21:00:00', '', 8, '2012-10-26 21:00:00', '2012-11-19 22:00:00', 'За обучение', 0),
(65, 23, 2, 25, 754.00, '2012-10-26 21:00:00', '', 0, '0000-00-00 00:00:00', '0000-00-00 00:00:00', 'За на бухло', 0);

-- --------------------------------------------------------

--
-- Структура таблицы `schedule_22802`
--

CREATE TABLE IF NOT EXISTS `schedule_22802` (
  `id` int(11) NOT NULL auto_increment,
  `lesson_id` int(11) NOT NULL,
  `classroom_id` int(5) NOT NULL,
  `school_groups_id` int(5) NOT NULL,
  `user_id` int(5) NOT NULL,
  `day` int(1) NOT NULL,
  `time_start` time NOT NULL,
  `time_stop` time NOT NULL,
  `date` date NOT NULL,
  `cancel` varchar(10) collate utf8_unicode_ci NOT NULL default 'no',
  PRIMARY KEY  (`id`)
) ENGINE=MyISAM  DEFAULT CHARSET=utf8 COLLATE=utf8_unicode_ci AUTO_INCREMENT=942 ;

--
-- Дамп данных таблицы `schedule_22802`
--

INSERT INTO `schedule_22802` (`id`, `lesson_id`, `classroom_id`, `school_groups_id`, `user_id`, `day`, `time_start`, `time_stop`, `date`, `cancel`) VALUES
(1, 52, 2, 23, 15, 3, '15:30:00', '17:30:00', '2012-10-10', 'no'),
(2, 59, 2, 26, 18, 3, '09:00:00', '10:30:00', '2012-10-10', 'no'),
(3, 29, 2, 21, 15, 3, '17:30:00', '19:00:00', '2012-10-10', 'no'),
(4, 50, 1, 22, 13, 4, '17:00:00', '19:00:00', '2012-10-11', 'no'),
(5, 45, 2, 20, 15, 4, '19:30:00', '21:30:00', '2012-10-11', 'no'),
(6, 53, 2, 23, 14, 5, '17:30:00', '20:00:00', '2012-10-12', 'no'),
(7, 55, 6, 24, 19, 5, '17:00:00', '19:00:00', '2012-10-12', 'no'),
(8, 30, 3, 21, 15, 5, '17:00:00', '18:30:00', '2012-10-12', 'no'),
(9, 60, 6, 26, 18, 6, '10:30:00', '12:30:00', '2012-10-13', 'no'),
(10, 57, 5, 25, 15, 6, '18:30:00', '20:30:00', '2012-10-13', 'no'),
(11, 48, 5, 20, 14, 6, '16:00:00', '17:30:00', '2012-10-13', 'no'),
(12, 51, 4, 23, 16, 1, '10:00:00', '11:30:00', '2012-10-15', 'no'),
(13, 58, 5, 26, 15, 1, '08:00:00', '10:00:00', '2012-10-15', 'no'),
(14, 56, 6, 25, 14, 2, '18:30:00', '20:30:00', '2012-10-16', 'no'),
(15, 54, 6, 24, 19, 2, '17:00:00', '18:30:00', '2012-10-16', 'no'),
(16, 49, 1, 22, 13, 2, '17:00:00', '19:00:00', '2012-10-16', 'no'),
(17, 28, 5, 21, 15, 2, '13:30:00', '15:00:00', '2012-10-16', 'no'),
(18, 52, 2, 23, 15, 3, '15:30:00', '17:30:00', '2012-10-17', 'no'),
(19, 59, 2, 26, 18, 3, '09:00:00', '10:30:00', '2012-10-17', 'no'),
(20, 50, 1, 22, 13, 4, '17:00:00', '19:00:00', '2012-10-18', 'no'),
(21, 45, 2, 20, 15, 4, '19:30:00', '21:30:00', '2012-10-18', 'no'),
(22, 53, 2, 23, 14, 5, '17:30:00', '20:00:00', '2012-10-19', 'no'),
(23, 55, 6, 24, 19, 5, '17:00:00', '19:00:00', '2012-10-19', 'no'),
(24, 30, 3, 21, 15, 5, '17:00:00', '18:30:00', '2012-10-19', 'no'),
(25, 60, 6, 26, 18, 6, '10:30:00', '12:30:00', '2012-10-20', 'no'),
(26, 57, 5, 25, 15, 6, '18:30:00', '20:30:00', '2012-10-20', 'no'),
(27, 48, 5, 20, 14, 6, '16:00:00', '17:30:00', '2012-10-20', 'no'),
(28, 44, 2, 20, 15, 1, '10:30:00', '11:30:00', '2012-10-22', 'no'),
(29, 56, 6, 25, 14, 2, '18:30:00', '20:30:00', '2012-10-23', 'no'),
(30, 54, 6, 24, 19, 2, '17:00:00', '18:30:00', '2012-10-23', 'no'),
(31, 49, 1, 22, 13, 2, '17:00:00', '19:00:00', '2012-10-23', 'no'),
(32, 52, 2, 23, 15, 3, '15:30:00', '17:30:00', '2012-10-24', 'no'),
(33, 59, 2, 26, 18, 3, '09:00:00', '10:30:00', '2012-10-24', 'no'),
(34, 29, 2, 21, 15, 3, '17:30:00', '19:00:00', '2012-10-24', 'no'),
(35, 50, 1, 22, 13, 4, '17:00:00', '19:00:00', '2012-10-25', 'no'),
(36, 45, 2, 20, 15, 4, '19:30:00', '21:30:00', '2012-10-25', 'no'),
(37, 53, 2, 23, 14, 5, '17:30:00', '20:00:00', '2012-10-26', 'no'),
(38, 55, 6, 24, 19, 5, '17:00:00', '19:00:00', '2012-10-26', 'no'),
(39, 30, 3, 21, 15, 5, '17:00:00', '18:30:00', '2012-10-26', 'no'),
(40, 60, 6, 26, 18, 6, '10:30:00', '12:30:00', '2012-10-27', 'no'),
(41, 57, 5, 25, 15, 6, '18:30:00', '20:30:00', '2012-10-27', 'no'),
(42, 48, 5, 20, 14, 6, '16:00:00', '17:30:00', '2012-10-27', 'no'),
(43, 51, 4, 23, 16, 1, '10:00:00', '11:30:00', '2012-10-29', 'no'),
(44, 58, 5, 26, 15, 1, '08:00:00', '10:00:00', '2012-10-29', 'no'),
(45, 44, 2, 20, 15, 1, '10:30:00', '11:30:00', '2012-10-29', 'no'),
(46, 56, 6, 25, 14, 2, '18:30:00', '20:30:00', '2012-10-30', 'no'),
(47, 54, 6, 24, 19, 2, '17:00:00', '18:30:00', '2012-10-30', 'no'),
(48, 49, 1, 22, 13, 2, '17:00:00', '19:00:00', '2012-10-30', 'no'),
(49, 28, 5, 21, 15, 2, '13:30:00', '15:00:00', '2012-10-30', 'no'),
(50, 52, 2, 23, 15, 3, '15:30:00', '17:30:00', '2012-10-31', 'no'),
(51, 59, 2, 26, 18, 3, '09:00:00', '10:30:00', '2012-10-31', 'no'),
(52, 29, 2, 21, 15, 3, '17:30:00', '19:00:00', '2012-10-31', 'no'),
(53, 50, 1, 22, 13, 4, '17:00:00', '19:00:00', '2012-11-01', 'no'),
(54, 45, 2, 20, 15, 4, '19:30:00', '21:30:00', '2012-11-01', 'no'),
(55, 53, 2, 23, 14, 5, '17:30:00', '20:00:00', '2012-11-02', 'no'),
(56, 55, 6, 24, 19, 5, '17:00:00', '19:00:00', '2012-11-02', 'no'),
(57, 30, 3, 21, 15, 5, '17:00:00', '18:30:00', '2012-11-02', 'no'),
(58, 60, 6, 26, 18, 6, '10:30:00', '12:30:00', '2012-11-03', 'no'),
(59, 57, 5, 25, 15, 6, '18:30:00', '20:30:00', '2012-11-03', 'no'),
(60, 48, 5, 20, 14, 6, '16:00:00', '17:30:00', '2012-11-03', 'no'),
(61, 51, 4, 23, 16, 1, '10:00:00', '11:30:00', '2012-11-05', 'no'),
(62, 58, 5, 26, 15, 1, '08:00:00', '10:00:00', '2012-11-05', 'no'),
(63, 44, 2, 20, 15, 1, '10:30:00', '11:30:00', '2012-11-05', 'no'),
(64, 56, 6, 25, 14, 2, '18:30:00', '20:30:00', '2012-11-06', 'no'),
(65, 54, 6, 24, 19, 2, '17:00:00', '18:30:00', '2012-11-06', 'no'),
(66, 49, 1, 22, 13, 2, '17:00:00', '19:00:00', '2012-11-06', 'no'),
(67, 28, 5, 21, 15, 2, '13:30:00', '15:00:00', '2012-11-06', 'no'),
(68, 52, 2, 23, 15, 3, '15:30:00', '17:30:00', '2012-11-07', 'no'),
(69, 59, 2, 26, 18, 3, '09:00:00', '10:30:00', '2012-11-07', 'no'),
(70, 29, 2, 21, 15, 3, '17:30:00', '19:00:00', '2012-11-07', 'no'),
(71, 50, 1, 22, 13, 4, '17:00:00', '19:00:00', '2012-11-08', 'no'),
(72, 45, 2, 20, 15, 4, '19:30:00', '21:30:00', '2012-11-08', 'no'),
(73, 53, 2, 23, 14, 5, '17:30:00', '20:00:00', '2012-11-09', 'no'),
(74, 55, 6, 24, 19, 5, '17:00:00', '19:00:00', '2012-11-09', 'no'),
(75, 30, 3, 21, 15, 5, '17:00:00', '18:30:00', '2012-11-09', 'no'),
(76, 60, 6, 26, 18, 6, '10:30:00', '12:30:00', '2012-11-10', 'no'),
(77, 57, 5, 25, 15, 6, '18:30:00', '20:30:00', '2012-11-10', 'no'),
(78, 48, 5, 20, 14, 6, '16:00:00', '17:30:00', '2012-11-10', 'no'),
(79, 51, 4, 23, 16, 1, '10:00:00', '11:30:00', '2012-11-12', 'no'),
(80, 58, 5, 26, 15, 1, '08:00:00', '10:00:00', '2012-11-12', 'no'),
(81, 44, 2, 20, 15, 1, '10:30:00', '11:30:00', '2012-11-12', 'no'),
(82, 56, 6, 25, 14, 2, '18:30:00', '20:30:00', '2012-11-13', 'no'),
(83, 54, 6, 24, 19, 2, '17:00:00', '18:30:00', '2012-11-13', 'no'),
(84, 49, 1, 22, 13, 2, '17:00:00', '19:00:00', '2012-11-13', 'no'),
(85, 28, 5, 21, 15, 2, '13:30:00', '15:00:00', '2012-11-13', 'no'),
(86, 52, 2, 23, 15, 3, '15:30:00', '17:30:00', '2012-11-14', 'no'),
(87, 59, 2, 26, 18, 3, '09:00:00', '10:30:00', '2012-11-14', 'no'),
(88, 29, 2, 21, 15, 3, '17:30:00', '19:00:00', '2012-11-14', 'no'),
(89, 50, 1, 22, 13, 4, '17:00:00', '19:00:00', '2012-11-15', 'no'),
(90, 45, 2, 20, 15, 4, '19:30:00', '21:30:00', '2012-11-15', 'no'),
(91, 53, 2, 23, 14, 5, '17:30:00', '20:00:00', '2012-11-16', 'no'),
(92, 55, 6, 24, 19, 5, '17:00:00', '19:00:00', '2012-11-16', 'no'),
(93, 30, 3, 21, 15, 5, '17:00:00', '18:30:00', '2012-11-16', 'no'),
(94, 60, 6, 26, 18, 6, '10:30:00', '12:30:00', '2012-11-17', 'no'),
(95, 57, 5, 25, 15, 6, '18:30:00', '20:30:00', '2012-11-17', 'no'),
(96, 48, 5, 20, 14, 6, '16:00:00', '17:30:00', '2012-11-17', 'no'),
(97, 51, 4, 23, 16, 1, '10:00:00', '11:30:00', '2012-11-19', 'no'),
(98, 58, 5, 26, 15, 1, '08:00:00', '10:00:00', '2012-11-19', 'no'),
(99, 44, 2, 20, 15, 1, '10:30:00', '11:30:00', '2012-11-19', 'no'),
(100, 56, 6, 25, 14, 2, '18:30:00', '20:30:00', '2012-11-20', 'no'),
(101, 54, 6, 24, 19, 2, '17:00:00', '18:30:00', '2012-11-20', 'no'),
(102, 49, 1, 22, 13, 2, '17:00:00', '19:00:00', '2012-11-20', 'no'),
(103, 28, 5, 21, 15, 2, '13:30:00', '15:00:00', '2012-11-20', 'no'),
(104, 52, 2, 23, 15, 3, '15:30:00', '17:30:00', '2012-11-21', 'no'),
(105, 59, 2, 26, 18, 3, '09:00:00', '10:30:00', '2012-11-21', 'no'),
(106, 29, 2, 21, 15, 3, '17:30:00', '19:00:00', '2012-11-21', 'no'),
(107, 50, 1, 22, 13, 4, '17:00:00', '19:00:00', '2012-11-22', 'no'),
(108, 45, 2, 20, 15, 4, '19:30:00', '21:30:00', '2012-11-22', 'no'),
(109, 53, 2, 23, 14, 5, '17:30:00', '20:00:00', '2012-11-23', 'no'),
(110, 55, 6, 24, 19, 5, '17:00:00', '19:00:00', '2012-11-23', 'no'),
(111, 30, 3, 21, 15, 5, '17:00:00', '18:30:00', '2012-11-23', 'no'),
(112, 60, 6, 26, 18, 6, '10:30:00', '12:30:00', '2012-11-24', 'no'),
(113, 57, 5, 25, 15, 6, '18:30:00', '20:30:00', '2012-11-24', 'no'),
(114, 48, 5, 20, 14, 6, '16:00:00', '17:30:00', '2012-11-24', 'no'),
(115, 51, 4, 23, 16, 1, '10:00:00', '11:30:00', '2012-11-26', 'no'),
(116, 58, 5, 26, 15, 1, '08:00:00', '10:00:00', '2012-11-26', 'no'),
(117, 44, 2, 20, 15, 1, '10:30:00', '11:30:00', '2012-11-26', 'no'),
(118, 56, 6, 25, 14, 2, '18:30:00', '20:30:00', '2012-11-27', 'no'),
(119, 54, 6, 24, 19, 2, '17:00:00', '18:30:00', '2012-11-27', 'no'),
(120, 49, 1, 22, 13, 2, '17:00:00', '19:00:00', '2012-11-27', 'no'),
(121, 28, 5, 21, 15, 2, '13:30:00', '15:00:00', '2012-11-27', 'no'),
(122, 52, 2, 23, 15, 3, '15:30:00', '17:30:00', '2012-11-28', 'no'),
(123, 59, 2, 26, 18, 3, '09:00:00', '10:30:00', '2012-11-28', 'no'),
(124, 29, 2, 21, 15, 3, '17:30:00', '19:00:00', '2012-11-28', 'no'),
(125, 50, 1, 22, 13, 4, '17:00:00', '19:00:00', '2012-11-29', 'no'),
(126, 45, 2, 20, 15, 4, '19:30:00', '21:30:00', '2012-11-29', 'no'),
(127, 53, 2, 23, 14, 5, '17:30:00', '20:00:00', '2012-11-30', 'no'),
(128, 55, 6, 24, 19, 5, '17:00:00', '19:00:00', '2012-11-30', 'no'),
(129, 30, 3, 21, 15, 5, '17:00:00', '18:30:00', '2012-11-30', 'no'),
(130, 60, 6, 26, 18, 6, '10:30:00', '12:30:00', '2012-12-01', 'no'),
(131, 57, 5, 25, 15, 6, '18:30:00', '20:30:00', '2012-12-01', 'no'),
(132, 48, 5, 20, 14, 6, '16:00:00', '17:30:00', '2012-12-01', 'no'),
(133, 51, 4, 23, 16, 1, '10:00:00', '11:30:00', '2012-12-03', 'no'),
(134, 58, 5, 26, 15, 1, '08:00:00', '10:00:00', '2012-12-03', 'no'),
(135, 44, 2, 20, 15, 1, '10:30:00', '11:30:00', '2012-12-03', 'no'),
(136, 56, 6, 25, 14, 2, '18:30:00', '20:30:00', '2012-12-04', 'no'),
(137, 54, 6, 24, 19, 2, '17:00:00', '18:30:00', '2012-12-04', 'no'),
(138, 49, 1, 22, 13, 2, '17:00:00', '19:00:00', '2012-12-04', 'no'),
(139, 28, 5, 21, 15, 2, '13:30:00', '15:00:00', '2012-12-04', 'no'),
(140, 52, 2, 23, 15, 3, '15:30:00', '17:30:00', '2012-12-05', 'no'),
(141, 59, 2, 26, 18, 3, '09:00:00', '10:30:00', '2012-12-05', 'no'),
(142, 29, 2, 21, 15, 3, '17:30:00', '19:00:00', '2012-12-05', 'no'),
(143, 50, 1, 22, 13, 4, '17:00:00', '19:00:00', '2012-12-06', 'no'),
(144, 45, 2, 20, 15, 4, '19:30:00', '21:30:00', '2012-12-06', 'no'),
(145, 53, 2, 23, 14, 5, '17:30:00', '20:00:00', '2012-12-07', 'no'),
(146, 55, 6, 24, 19, 5, '17:00:00', '19:00:00', '2012-12-07', 'no'),
(147, 30, 3, 21, 15, 5, '17:00:00', '18:30:00', '2012-12-07', 'no'),
(148, 60, 6, 26, 18, 6, '10:30:00', '12:30:00', '2012-12-08', 'no'),
(149, 57, 5, 25, 15, 6, '18:30:00', '20:30:00', '2012-12-08', 'no'),
(150, 48, 5, 20, 14, 6, '16:00:00', '17:30:00', '2012-12-08', 'no'),
(151, 51, 4, 23, 16, 1, '10:00:00', '11:30:00', '2012-12-10', 'no'),
(152, 58, 5, 26, 15, 1, '08:00:00', '10:00:00', '2012-12-10', 'no'),
(153, 44, 2, 20, 15, 1, '10:30:00', '11:30:00', '2012-12-10', 'no'),
(154, 56, 6, 25, 14, 2, '18:30:00', '20:30:00', '2012-12-11', 'no'),
(155, 54, 6, 24, 19, 2, '17:00:00', '18:30:00', '2012-12-11', 'no'),
(156, 49, 1, 22, 13, 2, '17:00:00', '19:00:00', '2012-12-11', 'no'),
(157, 28, 5, 21, 15, 2, '13:30:00', '15:00:00', '2012-12-11', 'no'),
(158, 52, 2, 23, 15, 3, '15:30:00', '17:30:00', '2012-12-12', 'no'),
(159, 59, 2, 26, 18, 3, '09:00:00', '10:30:00', '2012-12-12', 'no'),
(160, 29, 2, 21, 15, 3, '17:30:00', '19:00:00', '2012-12-12', 'no'),
(161, 50, 1, 22, 13, 4, '17:00:00', '19:00:00', '2012-12-13', 'no'),
(162, 45, 2, 20, 15, 4, '19:30:00', '21:30:00', '2012-12-13', 'no'),
(163, 53, 2, 23, 14, 5, '17:30:00', '20:00:00', '2012-12-14', 'no'),
(164, 55, 6, 24, 19, 5, '17:00:00', '19:00:00', '2012-12-14', 'no'),
(165, 30, 3, 21, 15, 5, '17:00:00', '18:30:00', '2012-12-14', 'no'),
(166, 60, 6, 26, 18, 6, '10:30:00', '12:30:00', '2012-12-15', 'no'),
(167, 57, 5, 25, 15, 6, '18:30:00', '20:30:00', '2012-12-15', 'no'),
(168, 48, 5, 20, 14, 6, '16:00:00', '17:30:00', '2012-12-15', 'no'),
(169, 51, 4, 23, 16, 1, '10:00:00', '11:30:00', '2012-12-17', 'no'),
(170, 58, 5, 26, 15, 1, '08:00:00', '10:00:00', '2012-12-17', 'no'),
(171, 44, 2, 20, 15, 1, '10:30:00', '11:30:00', '2012-12-17', 'no'),
(172, 56, 6, 25, 14, 2, '18:30:00', '20:30:00', '2012-12-18', 'no'),
(173, 54, 6, 24, 19, 2, '17:00:00', '18:30:00', '2012-12-18', 'no'),
(174, 49, 1, 22, 13, 2, '17:00:00', '19:00:00', '2012-12-18', 'no'),
(175, 28, 5, 21, 15, 2, '13:30:00', '15:00:00', '2012-12-18', 'no'),
(176, 52, 2, 23, 15, 3, '15:30:00', '17:30:00', '2012-12-19', 'no'),
(177, 59, 2, 26, 18, 3, '09:00:00', '10:30:00', '2012-12-19', 'no'),
(178, 29, 2, 21, 15, 3, '17:30:00', '19:00:00', '2012-12-19', 'no'),
(179, 50, 1, 22, 13, 4, '17:00:00', '19:00:00', '2012-12-20', 'no'),
(180, 45, 2, 20, 15, 4, '19:30:00', '21:30:00', '2012-12-20', 'no'),
(181, 53, 2, 23, 14, 5, '17:30:00', '20:00:00', '2012-12-21', 'no'),
(182, 55, 6, 24, 19, 5, '17:00:00', '19:00:00', '2012-12-21', 'no'),
(183, 30, 3, 21, 15, 5, '17:00:00', '18:30:00', '2012-12-21', 'no'),
(184, 60, 6, 26, 18, 6, '10:30:00', '12:30:00', '2012-12-22', 'no'),
(185, 57, 5, 25, 15, 6, '18:30:00', '20:30:00', '2012-12-22', 'no'),
(186, 48, 5, 20, 14, 6, '16:00:00', '17:30:00', '2012-12-22', 'no'),
(187, 51, 4, 23, 16, 1, '10:00:00', '11:30:00', '2012-12-24', 'no'),
(188, 58, 5, 26, 15, 1, '08:00:00', '10:00:00', '2012-12-24', 'no'),
(189, 44, 2, 20, 15, 1, '10:30:00', '11:30:00', '2012-12-24', 'no'),
(190, 56, 6, 25, 14, 2, '18:30:00', '20:30:00', '2012-12-25', 'no'),
(191, 54, 6, 24, 19, 2, '17:00:00', '18:30:00', '2012-12-25', 'no'),
(192, 49, 1, 22, 13, 2, '17:00:00', '19:00:00', '2012-12-25', 'no'),
(193, 28, 5, 21, 15, 2, '13:30:00', '15:00:00', '2012-12-25', 'no'),
(194, 52, 2, 23, 15, 3, '15:30:00', '17:30:00', '2012-12-26', 'no'),
(195, 59, 2, 26, 18, 3, '09:00:00', '10:30:00', '2012-12-26', 'no'),
(196, 29, 2, 21, 15, 3, '17:30:00', '19:00:00', '2012-12-26', 'no'),
(197, 50, 1, 22, 13, 4, '17:00:00', '19:00:00', '2012-12-27', 'no'),
(198, 45, 2, 20, 15, 4, '19:30:00', '21:30:00', '2012-12-27', 'no'),
(199, 53, 2, 23, 14, 5, '17:30:00', '20:00:00', '2012-12-28', 'no'),
(200, 55, 6, 24, 19, 5, '17:00:00', '19:00:00', '2012-12-28', 'no'),
(201, 30, 3, 21, 15, 5, '17:00:00', '18:30:00', '2012-12-28', 'no'),
(202, 60, 6, 26, 18, 6, '10:30:00', '12:30:00', '2012-12-29', 'no'),
(203, 57, 5, 25, 15, 6, '18:30:00', '20:30:00', '2012-12-29', 'no'),
(204, 48, 5, 20, 14, 6, '16:00:00', '17:30:00', '2012-12-29', 'no'),
(205, 51, 4, 23, 16, 1, '10:00:00', '11:30:00', '2012-12-31', 'no'),
(206, 58, 5, 26, 15, 1, '08:00:00', '10:00:00', '2012-12-31', 'no'),
(207, 44, 2, 20, 15, 1, '10:30:00', '11:30:00', '2012-12-31', 'no'),
(208, 56, 6, 25, 14, 2, '18:30:00', '20:30:00', '2013-01-01', 'no'),
(209, 54, 6, 24, 19, 2, '17:00:00', '18:30:00', '2013-01-01', 'no'),
(210, 49, 1, 22, 13, 2, '17:00:00', '19:00:00', '2013-01-01', 'no'),
(211, 28, 5, 21, 15, 2, '13:30:00', '15:00:00', '2013-01-01', 'no'),
(212, 52, 2, 23, 15, 3, '15:30:00', '17:30:00', '2013-01-02', 'no'),
(213, 59, 2, 26, 18, 3, '09:00:00', '10:30:00', '2013-01-02', 'no'),
(214, 29, 2, 21, 15, 3, '17:30:00', '19:00:00', '2013-01-02', 'no'),
(215, 50, 1, 22, 13, 4, '17:00:00', '19:00:00', '2013-01-03', 'no'),
(216, 45, 2, 20, 15, 4, '19:30:00', '21:30:00', '2013-01-03', 'no'),
(217, 53, 2, 23, 14, 5, '17:30:00', '20:00:00', '2013-01-04', 'no'),
(218, 55, 6, 24, 19, 5, '17:00:00', '19:00:00', '2013-01-04', 'no'),
(219, 30, 3, 21, 15, 5, '17:00:00', '18:30:00', '2013-01-04', 'no'),
(220, 60, 6, 26, 18, 6, '10:30:00', '12:30:00', '2013-01-05', 'no'),
(221, 57, 5, 25, 15, 6, '18:30:00', '20:30:00', '2013-01-05', 'no'),
(222, 48, 5, 20, 14, 6, '16:00:00', '17:30:00', '2013-01-05', 'no'),
(223, 51, 4, 23, 16, 1, '10:00:00', '11:30:00', '2013-01-07', 'no'),
(224, 58, 5, 26, 15, 1, '08:00:00', '10:00:00', '2013-01-07', 'no'),
(225, 44, 2, 20, 15, 1, '10:30:00', '11:30:00', '2013-01-07', 'no'),
(226, 56, 6, 25, 14, 2, '18:30:00', '20:30:00', '2013-01-08', 'no'),
(227, 54, 6, 24, 19, 2, '17:00:00', '18:30:00', '2013-01-08', 'no'),
(228, 49, 1, 22, 13, 2, '17:00:00', '19:00:00', '2013-01-08', 'no'),
(229, 28, 5, 21, 15, 2, '13:30:00', '15:00:00', '2013-01-08', 'no'),
(230, 52, 2, 23, 15, 3, '15:30:00', '17:30:00', '2013-01-09', 'no'),
(231, 59, 2, 26, 18, 3, '09:00:00', '10:30:00', '2013-01-09', 'no'),
(232, 29, 2, 21, 15, 3, '17:30:00', '19:00:00', '2013-01-09', 'no'),
(233, 50, 1, 22, 13, 4, '17:00:00', '19:00:00', '2013-01-10', 'no'),
(234, 45, 2, 20, 15, 4, '19:30:00', '21:30:00', '2013-01-10', 'no'),
(235, 53, 2, 23, 14, 5, '17:30:00', '20:00:00', '2013-01-11', 'no'),
(236, 55, 6, 24, 19, 5, '17:00:00', '19:00:00', '2013-01-11', 'no'),
(237, 30, 3, 21, 15, 5, '17:00:00', '18:30:00', '2013-01-11', 'no'),
(238, 60, 6, 26, 18, 6, '10:30:00', '12:30:00', '2013-01-12', 'no'),
(239, 57, 5, 25, 15, 6, '18:30:00', '20:30:00', '2013-01-12', 'no'),
(240, 48, 5, 20, 14, 6, '16:00:00', '17:30:00', '2013-01-12', 'no'),
(241, 51, 4, 23, 16, 1, '10:00:00', '11:30:00', '2013-01-14', 'no'),
(242, 58, 5, 26, 15, 1, '08:00:00', '10:00:00', '2013-01-14', 'no'),
(243, 44, 2, 20, 15, 1, '10:30:00', '11:30:00', '2013-01-14', 'no'),
(244, 56, 6, 25, 14, 2, '18:30:00', '20:30:00', '2013-01-15', 'no'),
(245, 54, 6, 24, 19, 2, '17:00:00', '18:30:00', '2013-01-15', 'no'),
(246, 49, 1, 22, 13, 2, '17:00:00', '19:00:00', '2013-01-15', 'no'),
(247, 28, 5, 21, 15, 2, '13:30:00', '15:00:00', '2013-01-15', 'no'),
(248, 52, 2, 23, 15, 3, '15:30:00', '17:30:00', '2013-01-16', 'no'),
(249, 59, 2, 26, 18, 3, '09:00:00', '10:30:00', '2013-01-16', 'no'),
(250, 29, 2, 21, 15, 3, '17:30:00', '19:00:00', '2013-01-16', 'no'),
(251, 50, 1, 22, 13, 4, '17:00:00', '19:00:00', '2013-01-17', 'no'),
(252, 45, 2, 20, 15, 4, '19:30:00', '21:30:00', '2013-01-17', 'no'),
(253, 53, 2, 23, 14, 5, '17:30:00', '20:00:00', '2013-01-18', 'no'),
(254, 55, 6, 24, 19, 5, '17:00:00', '19:00:00', '2013-01-18', 'no'),
(255, 30, 3, 21, 15, 5, '17:00:00', '18:30:00', '2013-01-18', 'no'),
(256, 60, 6, 26, 18, 6, '10:30:00', '12:30:00', '2013-01-19', 'no'),
(257, 57, 5, 25, 15, 6, '18:30:00', '20:30:00', '2013-01-19', 'no'),
(258, 48, 5, 20, 14, 6, '16:00:00', '17:30:00', '2013-01-19', 'no'),
(259, 51, 4, 23, 16, 1, '10:00:00', '11:30:00', '2013-01-21', 'no'),
(260, 58, 5, 26, 15, 1, '08:00:00', '10:00:00', '2013-01-21', 'no'),
(261, 44, 2, 20, 15, 1, '10:30:00', '11:30:00', '2013-01-21', 'no'),
(262, 56, 6, 25, 14, 2, '18:30:00', '20:30:00', '2013-01-22', 'no'),
(263, 54, 6, 24, 19, 2, '17:00:00', '18:30:00', '2013-01-22', 'no'),
(264, 49, 1, 22, 13, 2, '17:00:00', '19:00:00', '2013-01-22', 'no'),
(265, 28, 5, 21, 15, 2, '13:30:00', '15:00:00', '2013-01-22', 'no'),
(266, 52, 2, 23, 15, 3, '15:30:00', '17:30:00', '2013-01-23', 'no'),
(267, 59, 2, 26, 18, 3, '09:00:00', '10:30:00', '2013-01-23', 'no'),
(268, 29, 2, 21, 15, 3, '17:30:00', '19:00:00', '2013-01-23', 'no'),
(269, 50, 1, 22, 13, 4, '17:00:00', '19:00:00', '2013-01-24', 'no'),
(270, 45, 2, 20, 15, 4, '19:30:00', '21:30:00', '2013-01-24', 'no'),
(271, 53, 2, 23, 14, 5, '17:30:00', '20:00:00', '2013-01-25', 'no'),
(272, 55, 6, 24, 19, 5, '17:00:00', '19:00:00', '2013-01-25', 'no'),
(273, 30, 3, 21, 15, 5, '17:00:00', '18:30:00', '2013-01-25', 'no'),
(274, 60, 6, 26, 18, 6, '10:30:00', '12:30:00', '2013-01-26', 'no'),
(275, 57, 5, 25, 15, 6, '18:30:00', '20:30:00', '2013-01-26', 'no'),
(276, 48, 5, 20, 14, 6, '16:00:00', '17:30:00', '2013-01-26', 'no'),
(277, 51, 4, 23, 16, 1, '10:00:00', '11:30:00', '2013-01-28', 'no'),
(278, 58, 5, 26, 15, 1, '08:00:00', '10:00:00', '2013-01-28', 'no'),
(279, 44, 2, 20, 15, 1, '10:30:00', '11:30:00', '2013-01-28', 'no'),
(280, 56, 6, 25, 14, 2, '18:30:00', '20:30:00', '2013-01-29', 'no'),
(281, 54, 6, 24, 19, 2, '17:00:00', '18:30:00', '2013-01-29', 'no'),
(282, 49, 1, 22, 13, 2, '17:00:00', '19:00:00', '2013-01-29', 'no'),
(283, 28, 5, 21, 15, 2, '13:30:00', '15:00:00', '2013-01-29', 'no'),
(284, 52, 2, 23, 15, 3, '15:30:00', '17:30:00', '2013-01-30', 'no'),
(285, 59, 2, 26, 18, 3, '09:00:00', '10:30:00', '2013-01-30', 'no'),
(286, 29, 2, 21, 15, 3, '17:30:00', '19:00:00', '2013-01-30', 'no'),
(287, 50, 1, 22, 13, 4, '17:00:00', '19:00:00', '2013-01-31', 'no'),
(288, 45, 2, 20, 15, 4, '19:30:00', '21:30:00', '2013-01-31', 'no'),
(289, 53, 2, 23, 14, 5, '17:30:00', '20:00:00', '2013-02-01', 'no'),
(290, 55, 6, 24, 19, 5, '17:00:00', '19:00:00', '2013-02-01', 'no'),
(291, 30, 3, 21, 15, 5, '17:00:00', '18:30:00', '2013-02-01', 'no'),
(292, 60, 6, 26, 18, 6, '10:30:00', '12:30:00', '2013-02-02', 'no'),
(293, 57, 5, 25, 15, 6, '18:30:00', '20:30:00', '2013-02-02', 'no'),
(294, 48, 5, 20, 14, 6, '16:00:00', '17:30:00', '2013-02-02', 'no'),
(295, 51, 4, 23, 16, 1, '10:00:00', '11:30:00', '2013-02-04', 'no'),
(296, 58, 5, 26, 15, 1, '08:00:00', '10:00:00', '2013-02-04', 'no'),
(297, 44, 2, 20, 15, 1, '10:30:00', '11:30:00', '2013-02-04', 'no'),
(298, 56, 6, 25, 14, 2, '18:30:00', '20:30:00', '2013-02-05', 'no'),
(299, 54, 6, 24, 19, 2, '17:00:00', '18:30:00', '2013-02-05', 'no'),
(300, 49, 1, 22, 13, 2, '17:00:00', '19:00:00', '2013-02-05', 'no'),
(301, 28, 5, 21, 15, 2, '13:30:00', '15:00:00', '2013-02-05', 'no'),
(302, 52, 2, 23, 15, 3, '15:30:00', '17:30:00', '2013-02-06', 'no'),
(303, 59, 2, 26, 18, 3, '09:00:00', '10:30:00', '2013-02-06', 'no'),
(304, 29, 2, 21, 15, 3, '17:30:00', '19:00:00', '2013-02-06', 'no'),
(305, 50, 1, 22, 13, 4, '17:00:00', '19:00:00', '2013-02-07', 'no'),
(306, 45, 2, 20, 15, 4, '19:30:00', '21:30:00', '2013-02-07', 'no'),
(307, 53, 2, 23, 14, 5, '17:30:00', '20:00:00', '2013-02-08', 'no'),
(308, 55, 6, 24, 19, 5, '17:00:00', '19:00:00', '2013-02-08', 'no'),
(309, 30, 3, 21, 15, 5, '17:00:00', '18:30:00', '2013-02-08', 'no'),
(310, 60, 6, 26, 18, 6, '10:30:00', '12:30:00', '2013-02-09', 'no'),
(311, 57, 5, 25, 15, 6, '18:30:00', '20:30:00', '2013-02-09', 'no'),
(312, 48, 5, 20, 14, 6, '16:00:00', '17:30:00', '2013-02-09', 'no'),
(313, 51, 4, 23, 16, 1, '10:00:00', '11:30:00', '2013-02-11', 'no'),
(314, 58, 5, 26, 15, 1, '08:00:00', '10:00:00', '2013-02-11', 'no'),
(315, 44, 2, 20, 15, 1, '10:30:00', '11:30:00', '2013-02-11', 'no'),
(316, 56, 6, 25, 14, 2, '18:30:00', '20:30:00', '2013-02-12', 'no'),
(317, 54, 6, 24, 19, 2, '17:00:00', '18:30:00', '2013-02-12', 'no'),
(318, 49, 1, 22, 13, 2, '17:00:00', '19:00:00', '2013-02-12', 'no'),
(319, 28, 5, 21, 15, 2, '13:30:00', '15:00:00', '2013-02-12', 'no'),
(320, 52, 2, 23, 15, 3, '15:30:00', '17:30:00', '2013-02-13', 'no'),
(321, 59, 2, 26, 18, 3, '09:00:00', '10:30:00', '2013-02-13', 'no'),
(322, 29, 2, 21, 15, 3, '17:30:00', '19:00:00', '2013-02-13', 'no'),
(323, 50, 1, 22, 13, 4, '17:00:00', '19:00:00', '2013-02-14', 'no'),
(324, 45, 2, 20, 15, 4, '19:30:00', '21:30:00', '2013-02-14', 'no'),
(325, 53, 2, 23, 14, 5, '17:30:00', '20:00:00', '2013-02-15', 'no'),
(326, 55, 6, 24, 19, 5, '17:00:00', '19:00:00', '2013-02-15', 'no'),
(327, 30, 3, 21, 15, 5, '17:00:00', '18:30:00', '2013-02-15', 'no'),
(328, 60, 6, 26, 18, 6, '10:30:00', '12:30:00', '2013-02-16', 'no'),
(329, 57, 5, 25, 15, 6, '18:30:00', '20:30:00', '2013-02-16', 'no'),
(330, 48, 5, 20, 14, 6, '16:00:00', '17:30:00', '2013-02-16', 'no'),
(331, 51, 4, 23, 16, 1, '10:00:00', '11:30:00', '2013-02-18', 'no'),
(332, 58, 5, 26, 15, 1, '08:00:00', '10:00:00', '2013-02-18', 'no'),
(333, 44, 2, 20, 15, 1, '10:30:00', '11:30:00', '2013-02-18', 'no'),
(334, 56, 6, 25, 14, 2, '18:30:00', '20:30:00', '2013-02-19', 'no'),
(335, 54, 6, 24, 19, 2, '17:00:00', '18:30:00', '2013-02-19', 'no'),
(336, 49, 1, 22, 13, 2, '17:00:00', '19:00:00', '2013-02-19', 'no'),
(337, 28, 5, 21, 15, 2, '13:30:00', '15:00:00', '2013-02-19', 'no'),
(338, 52, 2, 23, 15, 3, '15:30:00', '17:30:00', '2013-02-20', 'no'),
(339, 59, 2, 26, 18, 3, '09:00:00', '10:30:00', '2013-02-20', 'no'),
(340, 29, 2, 21, 15, 3, '17:30:00', '19:00:00', '2013-02-20', 'no'),
(341, 50, 1, 22, 13, 4, '17:00:00', '19:00:00', '2013-02-21', 'no'),
(342, 45, 2, 20, 15, 4, '19:30:00', '21:30:00', '2013-02-21', 'no'),
(343, 53, 2, 23, 14, 5, '17:30:00', '20:00:00', '2013-02-22', 'no'),
(344, 55, 6, 24, 19, 5, '17:00:00', '19:00:00', '2013-02-22', 'no'),
(345, 30, 3, 21, 15, 5, '17:00:00', '18:30:00', '2013-02-22', 'no'),
(346, 60, 6, 26, 18, 6, '10:30:00', '12:30:00', '2013-02-23', 'no'),
(347, 57, 5, 25, 15, 6, '18:30:00', '20:30:00', '2013-02-23', 'no'),
(348, 48, 5, 20, 14, 6, '16:00:00', '17:30:00', '2013-02-23', 'no'),
(349, 51, 4, 23, 16, 1, '10:00:00', '11:30:00', '2013-02-25', 'no'),
(350, 58, 5, 26, 15, 1, '08:00:00', '10:00:00', '2013-02-25', 'no'),
(351, 44, 2, 20, 15, 1, '10:30:00', '11:30:00', '2013-02-25', 'no'),
(352, 56, 6, 25, 14, 2, '18:30:00', '20:30:00', '2013-02-26', 'no'),
(353, 54, 6, 24, 19, 2, '17:00:00', '18:30:00', '2013-02-26', 'no'),
(354, 49, 1, 22, 13, 2, '17:00:00', '19:00:00', '2013-02-26', 'no'),
(355, 28, 5, 21, 15, 2, '13:30:00', '15:00:00', '2013-02-26', 'no'),
(356, 52, 2, 23, 15, 3, '15:30:00', '17:30:00', '2013-02-27', 'no'),
(357, 59, 2, 26, 18, 3, '09:00:00', '10:30:00', '2013-02-27', 'no'),
(358, 29, 2, 21, 15, 3, '17:30:00', '19:00:00', '2013-02-27', 'no'),
(359, 50, 1, 22, 13, 4, '17:00:00', '19:00:00', '2013-02-28', 'no'),
(360, 45, 2, 20, 15, 4, '19:30:00', '21:30:00', '2013-02-28', 'no'),
(361, 53, 2, 23, 14, 5, '17:30:00', '20:00:00', '2013-03-01', 'no'),
(362, 55, 6, 24, 19, 5, '17:00:00', '19:00:00', '2013-03-01', 'no'),
(363, 30, 3, 21, 15, 5, '17:00:00', '18:30:00', '2013-03-01', 'no'),
(364, 60, 6, 26, 18, 6, '10:30:00', '12:30:00', '2013-03-02', 'no'),
(365, 57, 5, 25, 15, 6, '18:30:00', '20:30:00', '2013-03-02', 'no'),
(366, 48, 5, 20, 14, 6, '16:00:00', '17:30:00', '2013-03-02', 'no'),
(367, 51, 4, 23, 16, 1, '10:00:00', '11:30:00', '2013-03-04', 'no'),
(368, 58, 5, 26, 15, 1, '08:00:00', '10:00:00', '2013-03-04', 'no'),
(369, 44, 2, 20, 15, 1, '10:30:00', '11:30:00', '2013-03-04', 'no'),
(370, 56, 6, 25, 14, 2, '18:30:00', '20:30:00', '2013-03-05', 'no'),
(371, 54, 6, 24, 19, 2, '17:00:00', '18:30:00', '2013-03-05', 'no'),
(372, 49, 1, 22, 13, 2, '17:00:00', '19:00:00', '2013-03-05', 'no'),
(373, 28, 5, 21, 15, 2, '13:30:00', '15:00:00', '2013-03-05', 'no'),
(374, 52, 2, 23, 15, 3, '15:30:00', '17:30:00', '2013-03-06', 'no'),
(375, 59, 2, 26, 18, 3, '09:00:00', '10:30:00', '2013-03-06', 'no'),
(376, 29, 2, 21, 15, 3, '17:30:00', '19:00:00', '2013-03-06', 'no'),
(377, 50, 1, 22, 13, 4, '17:00:00', '19:00:00', '2013-03-07', 'no'),
(378, 45, 2, 20, 15, 4, '19:30:00', '21:30:00', '2013-03-07', 'no'),
(379, 53, 2, 23, 14, 5, '17:30:00', '20:00:00', '2013-03-08', 'no'),
(380, 55, 6, 24, 19, 5, '17:00:00', '19:00:00', '2013-03-08', 'no'),
(381, 30, 3, 21, 15, 5, '17:00:00', '18:30:00', '2013-03-08', 'no'),
(382, 60, 6, 26, 18, 6, '10:30:00', '12:30:00', '2013-03-09', 'no'),
(383, 57, 5, 25, 15, 6, '18:30:00', '20:30:00', '2013-03-09', 'no'),
(384, 48, 5, 20, 14, 6, '16:00:00', '17:30:00', '2013-03-09', 'no'),
(385, 51, 4, 23, 16, 1, '10:00:00', '11:30:00', '2013-03-11', 'no'),
(386, 58, 5, 26, 15, 1, '08:00:00', '10:00:00', '2013-03-11', 'no'),
(387, 44, 2, 20, 15, 1, '10:30:00', '11:30:00', '2013-03-11', 'no'),
(388, 56, 6, 25, 14, 2, '18:30:00', '20:30:00', '2013-03-12', 'no'),
(389, 54, 6, 24, 19, 2, '17:00:00', '18:30:00', '2013-03-12', 'no'),
(390, 49, 1, 22, 13, 2, '17:00:00', '19:00:00', '2013-03-12', 'no'),
(391, 28, 5, 21, 15, 2, '13:30:00', '15:00:00', '2013-03-12', 'no'),
(392, 52, 2, 23, 15, 3, '15:30:00', '17:30:00', '2013-03-13', 'no'),
(393, 59, 2, 26, 18, 3, '09:00:00', '10:30:00', '2013-03-13', 'no'),
(394, 29, 2, 21, 15, 3, '17:30:00', '19:00:00', '2013-03-13', 'no'),
(395, 50, 1, 22, 13, 4, '17:00:00', '19:00:00', '2013-03-14', 'no'),
(396, 45, 2, 20, 15, 4, '19:30:00', '21:30:00', '2013-03-14', 'no'),
(397, 53, 2, 23, 14, 5, '17:30:00', '20:00:00', '2013-03-15', 'no'),
(398, 55, 6, 24, 19, 5, '17:00:00', '19:00:00', '2013-03-15', 'no'),
(399, 30, 3, 21, 15, 5, '17:00:00', '18:30:00', '2013-03-15', 'no'),
(400, 60, 6, 26, 18, 6, '10:30:00', '12:30:00', '2013-03-16', 'no'),
(401, 57, 5, 25, 15, 6, '18:30:00', '20:30:00', '2013-03-16', 'no'),
(402, 48, 5, 20, 14, 6, '16:00:00', '17:30:00', '2013-03-16', 'no'),
(403, 51, 4, 23, 16, 1, '10:00:00', '11:30:00', '2013-03-18', 'no'),
(404, 58, 5, 26, 15, 1, '08:00:00', '10:00:00', '2013-03-18', 'no'),
(405, 44, 2, 20, 15, 1, '10:30:00', '11:30:00', '2013-03-18', 'no'),
(406, 56, 6, 25, 14, 2, '18:30:00', '20:30:00', '2013-03-19', 'no'),
(407, 54, 6, 24, 19, 2, '17:00:00', '18:30:00', '2013-03-19', 'no'),
(408, 49, 1, 22, 13, 2, '17:00:00', '19:00:00', '2013-03-19', 'no'),
(409, 28, 5, 21, 15, 2, '13:30:00', '15:00:00', '2013-03-19', 'no'),
(410, 52, 2, 23, 15, 3, '15:30:00', '17:30:00', '2013-03-20', 'no'),
(411, 59, 2, 26, 18, 3, '09:00:00', '10:30:00', '2013-03-20', 'no'),
(412, 29, 2, 21, 15, 3, '17:30:00', '19:00:00', '2013-03-20', 'no'),
(413, 50, 1, 22, 13, 4, '17:00:00', '19:00:00', '2013-03-21', 'no'),
(414, 45, 2, 20, 15, 4, '19:30:00', '21:30:00', '2013-03-21', 'no'),
(415, 53, 2, 23, 14, 5, '17:30:00', '20:00:00', '2013-03-22', 'no'),
(416, 55, 6, 24, 19, 5, '17:00:00', '19:00:00', '2013-03-22', 'no'),
(417, 30, 3, 21, 15, 5, '17:00:00', '18:30:00', '2013-03-22', 'no'),
(418, 60, 6, 26, 18, 6, '10:30:00', '12:30:00', '2013-03-23', 'no'),
(419, 57, 5, 25, 15, 6, '18:30:00', '20:30:00', '2013-03-23', 'no'),
(420, 48, 5, 20, 14, 6, '16:00:00', '17:30:00', '2013-03-23', 'no'),
(421, 51, 4, 23, 16, 1, '10:00:00', '11:30:00', '2013-03-25', 'no'),
(422, 58, 5, 26, 15, 1, '08:00:00', '10:00:00', '2013-03-25', 'no'),
(423, 44, 2, 20, 15, 1, '10:30:00', '11:30:00', '2013-03-25', 'no'),
(424, 56, 6, 25, 14, 2, '18:30:00', '20:30:00', '2013-03-26', 'no'),
(425, 54, 6, 24, 19, 2, '17:00:00', '18:30:00', '2013-03-26', 'no'),
(426, 49, 1, 22, 13, 2, '17:00:00', '19:00:00', '2013-03-26', 'no'),
(427, 28, 5, 21, 15, 2, '13:30:00', '15:00:00', '2013-03-26', 'no'),
(428, 52, 2, 23, 15, 3, '15:30:00', '17:30:00', '2013-03-27', 'no'),
(429, 59, 2, 26, 18, 3, '09:00:00', '10:30:00', '2013-03-27', 'no'),
(430, 29, 2, 21, 15, 3, '17:30:00', '19:00:00', '2013-03-27', 'no'),
(431, 50, 1, 22, 13, 4, '17:00:00', '19:00:00', '2013-03-28', 'no'),
(432, 45, 2, 20, 15, 4, '19:30:00', '21:30:00', '2013-03-28', 'no'),
(433, 53, 2, 23, 14, 5, '17:30:00', '20:00:00', '2013-03-29', 'no'),
(434, 55, 6, 24, 19, 5, '17:00:00', '19:00:00', '2013-03-29', 'no'),
(435, 30, 3, 21, 15, 5, '17:00:00', '18:30:00', '2013-03-29', 'no'),
(436, 60, 6, 26, 18, 6, '10:30:00', '12:30:00', '2013-03-30', 'no'),
(437, 57, 5, 25, 15, 6, '18:30:00', '20:30:00', '2013-03-30', 'no'),
(438, 48, 5, 20, 14, 6, '16:00:00', '17:30:00', '2013-03-30', 'no'),
(439, 51, 4, 23, 16, 1, '10:00:00', '11:30:00', '2013-04-01', 'no'),
(440, 58, 5, 26, 15, 1, '08:00:00', '10:00:00', '2013-04-01', 'no'),
(441, 44, 2, 20, 15, 1, '10:30:00', '11:30:00', '2013-04-01', 'no'),
(442, 56, 6, 25, 14, 2, '18:30:00', '20:30:00', '2013-04-02', 'no'),
(443, 54, 6, 24, 19, 2, '17:00:00', '18:30:00', '2013-04-02', 'no'),
(444, 49, 1, 22, 13, 2, '17:00:00', '19:00:00', '2013-04-02', 'no'),
(445, 28, 5, 21, 15, 2, '13:30:00', '15:00:00', '2013-04-02', 'no'),
(446, 52, 2, 23, 15, 3, '15:30:00', '17:30:00', '2013-04-03', 'no'),
(447, 59, 2, 26, 18, 3, '09:00:00', '10:30:00', '2013-04-03', 'no'),
(448, 29, 2, 21, 15, 3, '17:30:00', '19:00:00', '2013-04-03', 'no'),
(449, 50, 1, 22, 13, 4, '17:00:00', '19:00:00', '2013-04-04', 'no'),
(450, 45, 2, 20, 15, 4, '19:30:00', '21:30:00', '2013-04-04', 'no'),
(451, 53, 2, 23, 14, 5, '17:30:00', '20:00:00', '2013-04-05', 'no'),
(452, 55, 6, 24, 19, 5, '17:00:00', '19:00:00', '2013-04-05', 'no'),
(453, 30, 3, 21, 15, 5, '17:00:00', '18:30:00', '2013-04-05', 'no'),
(454, 60, 6, 26, 18, 6, '10:30:00', '12:30:00', '2013-04-06', 'no'),
(455, 57, 5, 25, 15, 6, '18:30:00', '20:30:00', '2013-04-06', 'no'),
(456, 48, 5, 20, 14, 6, '16:00:00', '17:30:00', '2013-04-06', 'no'),
(457, 51, 4, 23, 16, 1, '10:00:00', '11:30:00', '2013-04-08', 'no'),
(458, 58, 5, 26, 15, 1, '08:00:00', '10:00:00', '2013-04-08', 'no'),
(459, 44, 2, 20, 15, 1, '10:30:00', '11:30:00', '2013-04-08', 'no'),
(460, 56, 6, 25, 14, 2, '18:30:00', '20:30:00', '2013-04-09', 'no'),
(461, 54, 6, 24, 19, 2, '17:00:00', '18:30:00', '2013-04-09', 'no'),
(462, 49, 1, 22, 13, 2, '17:00:00', '19:00:00', '2013-04-09', 'no'),
(463, 28, 5, 21, 15, 2, '13:30:00', '15:00:00', '2013-04-09', 'no'),
(464, 52, 2, 23, 15, 3, '15:30:00', '17:30:00', '2013-04-10', 'no'),
(465, 59, 2, 26, 18, 3, '09:00:00', '10:30:00', '2013-04-10', 'no'),
(466, 29, 2, 21, 15, 3, '17:30:00', '19:00:00', '2013-04-10', 'no'),
(467, 50, 1, 22, 13, 4, '17:00:00', '19:00:00', '2013-04-11', 'no'),
(468, 45, 2, 20, 15, 4, '19:30:00', '21:30:00', '2013-04-11', 'no'),
(469, 53, 2, 23, 14, 5, '17:30:00', '20:00:00', '2013-04-12', 'no'),
(470, 55, 6, 24, 19, 5, '17:00:00', '19:00:00', '2013-04-12', 'no'),
(471, 30, 3, 21, 15, 5, '17:00:00', '18:30:00', '2013-04-12', 'no'),
(472, 60, 6, 26, 18, 6, '10:30:00', '12:30:00', '2013-04-13', 'no'),
(473, 57, 5, 25, 15, 6, '18:30:00', '20:30:00', '2013-04-13', 'no'),
(474, 48, 5, 20, 14, 6, '16:00:00', '17:30:00', '2013-04-13', 'no'),
(475, 51, 4, 23, 16, 1, '10:00:00', '11:30:00', '2013-04-15', 'no'),
(476, 58, 5, 26, 15, 1, '08:00:00', '10:00:00', '2013-04-15', 'no'),
(477, 44, 2, 20, 15, 1, '10:30:00', '11:30:00', '2013-04-15', 'no'),
(478, 56, 6, 25, 14, 2, '18:30:00', '20:30:00', '2013-04-16', 'no'),
(479, 54, 6, 24, 19, 2, '17:00:00', '18:30:00', '2013-04-16', 'no'),
(480, 49, 1, 22, 13, 2, '17:00:00', '19:00:00', '2013-04-16', 'no'),
(481, 28, 5, 21, 15, 2, '13:30:00', '15:00:00', '2013-04-16', 'no'),
(482, 52, 2, 23, 15, 3, '15:30:00', '17:30:00', '2013-04-17', 'no'),
(483, 59, 2, 26, 18, 3, '09:00:00', '10:30:00', '2013-04-17', 'no'),
(484, 29, 2, 21, 15, 3, '17:30:00', '19:00:00', '2013-04-17', 'no'),
(485, 50, 1, 22, 13, 4, '17:00:00', '19:00:00', '2013-04-18', 'no'),
(486, 45, 2, 20, 15, 4, '19:30:00', '21:30:00', '2013-04-18', 'no'),
(487, 53, 2, 23, 14, 5, '17:30:00', '20:00:00', '2013-04-19', 'no'),
(488, 55, 6, 24, 19, 5, '17:00:00', '19:00:00', '2013-04-19', 'no'),
(489, 30, 3, 21, 15, 5, '17:00:00', '18:30:00', '2013-04-19', 'no'),
(490, 60, 6, 26, 18, 6, '10:30:00', '12:30:00', '2013-04-20', 'no'),
(491, 57, 5, 25, 15, 6, '18:30:00', '20:30:00', '2013-04-20', 'no'),
(492, 48, 5, 20, 14, 6, '16:00:00', '17:30:00', '2013-04-20', 'no'),
(493, 51, 4, 23, 16, 1, '10:00:00', '11:30:00', '2013-04-22', 'no'),
(494, 58, 5, 26, 15, 1, '08:00:00', '10:00:00', '2013-04-22', 'no'),
(495, 44, 2, 20, 15, 1, '10:30:00', '11:30:00', '2013-04-22', 'no'),
(496, 56, 6, 25, 14, 2, '18:30:00', '20:30:00', '2013-04-23', 'no'),
(497, 54, 6, 24, 19, 2, '17:00:00', '18:30:00', '2013-04-23', 'no'),
(498, 49, 1, 22, 13, 2, '17:00:00', '19:00:00', '2013-04-23', 'no'),
(499, 28, 5, 21, 15, 2, '13:30:00', '15:00:00', '2013-04-23', 'no'),
(500, 52, 2, 23, 15, 3, '15:30:00', '17:30:00', '2013-04-24', 'no'),
(501, 59, 2, 26, 18, 3, '09:00:00', '10:30:00', '2013-04-24', 'no'),
(502, 29, 2, 21, 15, 3, '17:30:00', '19:00:00', '2013-04-24', 'no'),
(503, 50, 1, 22, 13, 4, '17:00:00', '19:00:00', '2013-04-25', 'no'),
(504, 45, 2, 20, 15, 4, '19:30:00', '21:30:00', '2013-04-25', 'no'),
(505, 53, 2, 23, 14, 5, '17:30:00', '20:00:00', '2013-04-26', 'no'),
(506, 55, 6, 24, 19, 5, '17:00:00', '19:00:00', '2013-04-26', 'no'),
(507, 30, 3, 21, 15, 5, '17:00:00', '18:30:00', '2013-04-26', 'no'),
(508, 60, 6, 26, 18, 6, '10:30:00', '12:30:00', '2013-04-27', 'no'),
(509, 57, 5, 25, 15, 6, '18:30:00', '20:30:00', '2013-04-27', 'no'),
(510, 48, 5, 20, 14, 6, '16:00:00', '17:30:00', '2013-04-27', 'no'),
(511, 51, 4, 23, 16, 1, '10:00:00', '11:30:00', '2013-04-29', 'no'),
(512, 58, 5, 26, 15, 1, '08:00:00', '10:00:00', '2013-04-29', 'no'),
(513, 44, 2, 20, 15, 1, '10:30:00', '11:30:00', '2013-04-29', 'no'),
(514, 56, 6, 25, 14, 2, '18:30:00', '20:30:00', '2013-04-30', 'no'),
(515, 54, 6, 24, 19, 2, '17:00:00', '18:30:00', '2013-04-30', 'no'),
(516, 49, 1, 22, 13, 2, '17:00:00', '19:00:00', '2013-04-30', 'no'),
(517, 28, 5, 21, 15, 2, '13:30:00', '15:00:00', '2013-04-30', 'no'),
(518, 52, 2, 23, 15, 3, '15:30:00', '17:30:00', '2013-05-01', 'no'),
(519, 59, 2, 26, 18, 3, '09:00:00', '10:30:00', '2013-05-01', 'no'),
(520, 29, 2, 21, 15, 3, '17:30:00', '19:00:00', '2013-05-01', 'no'),
(521, 50, 1, 22, 13, 4, '17:00:00', '19:00:00', '2013-05-02', 'no'),
(522, 45, 2, 20, 15, 4, '19:30:00', '21:30:00', '2013-05-02', 'no'),
(523, 53, 2, 23, 14, 5, '17:30:00', '20:00:00', '2013-05-03', 'no'),
(524, 55, 6, 24, 19, 5, '17:00:00', '19:00:00', '2013-05-03', 'no'),
(525, 30, 3, 21, 15, 5, '17:00:00', '18:30:00', '2013-05-03', 'no'),
(526, 60, 6, 26, 18, 6, '10:30:00', '12:30:00', '2013-05-04', 'no'),
(527, 57, 5, 25, 15, 6, '18:30:00', '20:30:00', '2013-05-04', 'no'),
(528, 48, 5, 20, 14, 6, '16:00:00', '17:30:00', '2013-05-04', 'no'),
(529, 51, 4, 23, 16, 1, '10:00:00', '11:30:00', '2013-05-06', 'no'),
(530, 58, 5, 26, 15, 1, '08:00:00', '10:00:00', '2013-05-06', 'no'),
(531, 44, 2, 20, 15, 1, '10:30:00', '11:30:00', '2013-05-06', 'no'),
(532, 56, 6, 25, 14, 2, '18:30:00', '20:30:00', '2013-05-07', 'no'),
(533, 54, 6, 24, 19, 2, '17:00:00', '18:30:00', '2013-05-07', 'no'),
(534, 49, 1, 22, 13, 2, '17:00:00', '19:00:00', '2013-05-07', 'no'),
(535, 28, 5, 21, 15, 2, '13:30:00', '15:00:00', '2013-05-07', 'no'),
(536, 52, 2, 23, 15, 3, '15:30:00', '17:30:00', '2013-05-08', 'no'),
(537, 59, 2, 26, 18, 3, '09:00:00', '10:30:00', '2013-05-08', 'no'),
(538, 29, 2, 21, 15, 3, '17:30:00', '19:00:00', '2013-05-08', 'no'),
(539, 50, 1, 22, 13, 4, '17:00:00', '19:00:00', '2013-05-09', 'no'),
(540, 45, 2, 20, 15, 4, '19:30:00', '21:30:00', '2013-05-09', 'no'),
(541, 53, 2, 23, 14, 5, '17:30:00', '20:00:00', '2013-05-10', 'no'),
(542, 55, 6, 24, 19, 5, '17:00:00', '19:00:00', '2013-05-10', 'no'),
(543, 30, 3, 21, 15, 5, '17:00:00', '18:30:00', '2013-05-10', 'no'),
(544, 60, 6, 26, 18, 6, '10:30:00', '12:30:00', '2013-05-11', 'no'),
(545, 57, 5, 25, 15, 6, '18:30:00', '20:30:00', '2013-05-11', 'no'),
(546, 48, 5, 20, 14, 6, '16:00:00', '17:30:00', '2013-05-11', 'no'),
(547, 51, 4, 23, 16, 1, '10:00:00', '11:30:00', '2013-05-13', 'no'),
(548, 58, 5, 26, 15, 1, '08:00:00', '10:00:00', '2013-05-13', 'no'),
(549, 44, 2, 20, 15, 1, '10:30:00', '11:30:00', '2013-05-13', 'no'),
(550, 56, 6, 25, 14, 2, '18:30:00', '20:30:00', '2013-05-14', 'no'),
(551, 54, 6, 24, 19, 2, '17:00:00', '18:30:00', '2013-05-14', 'no'),
(552, 49, 1, 22, 13, 2, '17:00:00', '19:00:00', '2013-05-14', 'no'),
(553, 28, 5, 21, 15, 2, '13:30:00', '15:00:00', '2013-05-14', 'no'),
(554, 52, 2, 23, 15, 3, '15:30:00', '17:30:00', '2013-05-15', 'no'),
(555, 59, 2, 26, 18, 3, '09:00:00', '10:30:00', '2013-05-15', 'no'),
(556, 29, 2, 21, 15, 3, '17:30:00', '19:00:00', '2013-05-15', 'no'),
(557, 50, 1, 22, 13, 4, '17:00:00', '19:00:00', '2013-05-16', 'no'),
(558, 45, 2, 20, 15, 4, '19:30:00', '21:30:00', '2013-05-16', 'no'),
(559, 53, 2, 23, 14, 5, '17:30:00', '20:00:00', '2013-05-17', 'no'),
(560, 55, 6, 24, 19, 5, '17:00:00', '19:00:00', '2013-05-17', 'no'),
(561, 30, 3, 21, 15, 5, '17:00:00', '18:30:00', '2013-05-17', 'no'),
(562, 60, 6, 26, 18, 6, '10:30:00', '12:30:00', '2013-05-18', 'no'),
(563, 57, 5, 25, 15, 6, '18:30:00', '20:30:00', '2013-05-18', 'no'),
(564, 48, 5, 20, 14, 6, '16:00:00', '17:30:00', '2013-05-18', 'no'),
(565, 51, 4, 23, 16, 1, '10:00:00', '11:30:00', '2013-05-20', 'no'),
(566, 58, 5, 26, 15, 1, '08:00:00', '10:00:00', '2013-05-20', 'no'),
(567, 44, 2, 20, 15, 1, '10:30:00', '11:30:00', '2013-05-20', 'no'),
(568, 56, 6, 25, 14, 2, '18:30:00', '20:30:00', '2013-05-21', 'no'),
(569, 54, 6, 24, 19, 2, '17:00:00', '18:30:00', '2013-05-21', 'no'),
(570, 49, 1, 22, 13, 2, '17:00:00', '19:00:00', '2013-05-21', 'no'),
(571, 28, 5, 21, 15, 2, '13:30:00', '15:00:00', '2013-05-21', 'no'),
(572, 52, 2, 23, 15, 3, '15:30:00', '17:30:00', '2013-05-22', 'no'),
(573, 59, 2, 26, 18, 3, '09:00:00', '10:30:00', '2013-05-22', 'no'),
(574, 29, 2, 21, 15, 3, '17:30:00', '19:00:00', '2013-05-22', 'no'),
(575, 50, 1, 22, 13, 4, '17:00:00', '19:00:00', '2013-05-23', 'no'),
(576, 45, 2, 20, 15, 4, '19:30:00', '21:30:00', '2013-05-23', 'no'),
(577, 53, 2, 23, 14, 5, '17:30:00', '20:00:00', '2013-05-24', 'no'),
(578, 55, 6, 24, 19, 5, '17:00:00', '19:00:00', '2013-05-24', 'no'),
(579, 30, 3, 21, 15, 5, '17:00:00', '18:30:00', '2013-05-24', 'no'),
(580, 60, 6, 26, 18, 6, '10:30:00', '12:30:00', '2013-05-25', 'no'),
(581, 57, 5, 25, 15, 6, '18:30:00', '20:30:00', '2013-05-25', 'no'),
(582, 48, 5, 20, 14, 6, '16:00:00', '17:30:00', '2013-05-25', 'no'),
(583, 51, 4, 23, 16, 1, '10:00:00', '11:30:00', '2013-05-27', 'no'),
(584, 58, 5, 26, 15, 1, '08:00:00', '10:00:00', '2013-05-27', 'no'),
(585, 44, 2, 20, 15, 1, '10:30:00', '11:30:00', '2013-05-27', 'no'),
(586, 56, 6, 25, 14, 2, '18:30:00', '20:30:00', '2013-05-28', 'no'),
(587, 54, 6, 24, 19, 2, '17:00:00', '18:30:00', '2013-05-28', 'no'),
(588, 49, 1, 22, 13, 2, '17:00:00', '19:00:00', '2013-05-28', 'no'),
(589, 28, 5, 21, 15, 2, '13:30:00', '15:00:00', '2013-05-28', 'no'),
(590, 52, 2, 23, 15, 3, '15:30:00', '17:30:00', '2013-05-29', 'no'),
(591, 59, 2, 26, 18, 3, '09:00:00', '10:30:00', '2013-05-29', 'no'),
(592, 29, 2, 21, 15, 3, '17:30:00', '19:00:00', '2013-05-29', 'no'),
(593, 50, 1, 22, 13, 4, '17:00:00', '19:00:00', '2013-05-30', 'no'),
(594, 45, 2, 20, 15, 4, '19:30:00', '21:30:00', '2013-05-30', 'no'),
(595, 53, 2, 23, 14, 5, '17:30:00', '20:00:00', '2013-05-31', 'no'),
(596, 55, 6, 24, 19, 5, '17:00:00', '19:00:00', '2013-05-31', 'no'),
(597, 30, 3, 21, 15, 5, '17:00:00', '18:30:00', '2013-05-31', 'no'),
(598, 60, 6, 26, 18, 6, '10:30:00', '12:30:00', '2013-06-01', 'no'),
(599, 57, 5, 25, 15, 6, '18:30:00', '20:30:00', '2013-06-01', 'no'),
(600, 48, 5, 20, 14, 6, '16:00:00', '17:30:00', '2013-06-01', 'no'),
(601, 51, 4, 23, 16, 1, '10:00:00', '11:30:00', '2013-06-03', 'no'),
(602, 58, 5, 26, 15, 1, '08:00:00', '10:00:00', '2013-06-03', 'no'),
(603, 44, 2, 20, 15, 1, '10:30:00', '11:30:00', '2013-06-03', 'no'),
(604, 56, 6, 25, 14, 2, '18:30:00', '20:30:00', '2013-06-04', 'no'),
(605, 54, 6, 24, 19, 2, '17:00:00', '18:30:00', '2013-06-04', 'no'),
(606, 49, 1, 22, 13, 2, '17:00:00', '19:00:00', '2013-06-04', 'no'),
(607, 28, 5, 21, 15, 2, '13:30:00', '15:00:00', '2013-06-04', 'no'),
(608, 52, 2, 23, 15, 3, '15:30:00', '17:30:00', '2013-06-05', 'no'),
(609, 59, 2, 26, 18, 3, '09:00:00', '10:30:00', '2013-06-05', 'no'),
(610, 29, 2, 21, 15, 3, '17:30:00', '19:00:00', '2013-06-05', 'no'),
(611, 50, 1, 22, 13, 4, '17:00:00', '19:00:00', '2013-06-06', 'no'),
(612, 45, 2, 20, 15, 4, '19:30:00', '21:30:00', '2013-06-06', 'no'),
(613, 53, 2, 23, 14, 5, '17:30:00', '20:00:00', '2013-06-07', 'no'),
(614, 55, 6, 24, 19, 5, '17:00:00', '19:00:00', '2013-06-07', 'no'),
(615, 30, 3, 21, 15, 5, '17:00:00', '18:30:00', '2013-06-07', 'no'),
(616, 60, 6, 26, 18, 6, '10:30:00', '12:30:00', '2013-06-08', 'no'),
(617, 57, 5, 25, 15, 6, '18:30:00', '20:30:00', '2013-06-08', 'no'),
(618, 48, 5, 20, 14, 6, '16:00:00', '17:30:00', '2013-06-08', 'no'),
(619, 51, 4, 23, 16, 1, '10:00:00', '11:30:00', '2013-06-10', 'no'),
(620, 58, 5, 26, 15, 1, '08:00:00', '10:00:00', '2013-06-10', 'no'),
(621, 44, 2, 20, 15, 1, '10:30:00', '11:30:00', '2013-06-10', 'no'),
(622, 56, 6, 25, 14, 2, '18:30:00', '20:30:00', '2013-06-11', 'no'),
(623, 54, 6, 24, 19, 2, '17:00:00', '18:30:00', '2013-06-11', 'no'),
(624, 49, 1, 22, 13, 2, '17:00:00', '19:00:00', '2013-06-11', 'no'),
(625, 28, 5, 21, 15, 2, '13:30:00', '15:00:00', '2013-06-11', 'no'),
(626, 52, 2, 23, 15, 3, '15:30:00', '17:30:00', '2013-06-12', 'no'),
(627, 59, 2, 26, 18, 3, '09:00:00', '10:30:00', '2013-06-12', 'no'),
(628, 29, 2, 21, 15, 3, '17:30:00', '19:00:00', '2013-06-12', 'no'),
(629, 50, 1, 22, 13, 4, '17:00:00', '19:00:00', '2013-06-13', 'no'),
(630, 45, 2, 20, 15, 4, '19:30:00', '21:30:00', '2013-06-13', 'no'),
(631, 53, 2, 23, 14, 5, '17:30:00', '20:00:00', '2013-06-14', 'no'),
(632, 55, 6, 24, 19, 5, '17:00:00', '19:00:00', '2013-06-14', 'no'),
(633, 30, 3, 21, 15, 5, '17:00:00', '18:30:00', '2013-06-14', 'no'),
(634, 60, 6, 26, 18, 6, '10:30:00', '12:30:00', '2013-06-15', 'no'),
(635, 57, 5, 25, 15, 6, '18:30:00', '20:30:00', '2013-06-15', 'no'),
(636, 48, 5, 20, 14, 6, '16:00:00', '17:30:00', '2013-06-15', 'no'),
(637, 51, 4, 23, 16, 1, '10:00:00', '11:30:00', '2013-06-17', 'no'),
(638, 58, 5, 26, 15, 1, '08:00:00', '10:00:00', '2013-06-17', 'no'),
(639, 44, 2, 20, 15, 1, '10:30:00', '11:30:00', '2013-06-17', 'no'),
(640, 56, 6, 25, 14, 2, '18:30:00', '20:30:00', '2013-06-18', 'no'),
(641, 54, 6, 24, 19, 2, '17:00:00', '18:30:00', '2013-06-18', 'no'),
(642, 49, 1, 22, 13, 2, '17:00:00', '19:00:00', '2013-06-18', 'no'),
(643, 28, 5, 21, 15, 2, '13:30:00', '15:00:00', '2013-06-18', 'no'),
(644, 52, 2, 23, 15, 3, '15:30:00', '17:30:00', '2013-06-19', 'no'),
(645, 59, 2, 26, 18, 3, '09:00:00', '10:30:00', '2013-06-19', 'no'),
(646, 29, 2, 21, 15, 3, '17:30:00', '19:00:00', '2013-06-19', 'no'),
(647, 50, 1, 22, 13, 4, '17:00:00', '19:00:00', '2013-06-20', 'no'),
(648, 45, 2, 20, 15, 4, '19:30:00', '21:30:00', '2013-06-20', 'no'),
(649, 53, 2, 23, 14, 5, '17:30:00', '20:00:00', '2013-06-21', 'no'),
(650, 55, 6, 24, 19, 5, '17:00:00', '19:00:00', '2013-06-21', 'no'),
(651, 30, 3, 21, 15, 5, '17:00:00', '18:30:00', '2013-06-21', 'no'),
(652, 60, 6, 26, 18, 6, '10:30:00', '12:30:00', '2013-06-22', 'no'),
(653, 57, 5, 25, 15, 6, '18:30:00', '20:30:00', '2013-06-22', 'no'),
(654, 48, 5, 20, 14, 6, '16:00:00', '17:30:00', '2013-06-22', 'no'),
(655, 51, 4, 23, 16, 1, '10:00:00', '11:30:00', '2013-06-24', 'no'),
(656, 58, 5, 26, 15, 1, '08:00:00', '10:00:00', '2013-06-24', 'no'),
(657, 44, 2, 20, 15, 1, '10:30:00', '11:30:00', '2013-06-24', 'no'),
(658, 56, 6, 25, 14, 2, '18:30:00', '20:30:00', '2013-06-25', 'no'),
(659, 54, 6, 24, 19, 2, '17:00:00', '18:30:00', '2013-06-25', 'no'),
(660, 49, 1, 22, 13, 2, '17:00:00', '19:00:00', '2013-06-25', 'no'),
(661, 28, 5, 21, 15, 2, '13:30:00', '15:00:00', '2013-06-25', 'no'),
(662, 52, 2, 23, 15, 3, '15:30:00', '17:30:00', '2013-06-26', 'no'),
(663, 59, 2, 26, 18, 3, '09:00:00', '10:30:00', '2013-06-26', 'no'),
(664, 29, 2, 21, 15, 3, '17:30:00', '19:00:00', '2013-06-26', 'no'),
(665, 50, 1, 22, 13, 4, '17:00:00', '19:00:00', '2013-06-27', 'no'),
(666, 45, 2, 20, 15, 4, '19:30:00', '21:30:00', '2013-06-27', 'no'),
(667, 53, 2, 23, 14, 5, '17:30:00', '20:00:00', '2013-06-28', 'no'),
(668, 55, 6, 24, 19, 5, '17:00:00', '19:00:00', '2013-06-28', 'no'),
(669, 30, 3, 21, 15, 5, '17:00:00', '18:30:00', '2013-06-28', 'no'),
(670, 60, 6, 26, 18, 6, '10:30:00', '12:30:00', '2013-06-29', 'no'),
(671, 57, 5, 25, 15, 6, '18:30:00', '20:30:00', '2013-06-29', 'no'),
(672, 48, 5, 20, 14, 6, '16:00:00', '17:30:00', '2013-06-29', 'no'),
(673, 51, 4, 23, 16, 1, '10:00:00', '11:30:00', '2013-07-01', 'no'),
(674, 58, 5, 26, 15, 1, '08:00:00', '10:00:00', '2013-07-01', 'no'),
(675, 44, 2, 20, 15, 1, '10:30:00', '11:30:00', '2013-07-01', 'no'),
(676, 56, 6, 25, 14, 2, '18:30:00', '20:30:00', '2013-07-02', 'no'),
(677, 54, 6, 24, 19, 2, '17:00:00', '18:30:00', '2013-07-02', 'no'),
(678, 49, 1, 22, 13, 2, '17:00:00', '19:00:00', '2013-07-02', 'no'),
(679, 28, 5, 21, 15, 2, '13:30:00', '15:00:00', '2013-07-02', 'no'),
(680, 52, 2, 23, 15, 3, '15:30:00', '17:30:00', '2013-07-03', 'no'),
(681, 59, 2, 26, 18, 3, '09:00:00', '10:30:00', '2013-07-03', 'no'),
(682, 29, 2, 21, 15, 3, '17:30:00', '19:00:00', '2013-07-03', 'no'),
(683, 50, 1, 22, 13, 4, '17:00:00', '19:00:00', '2013-07-04', 'no'),
(684, 45, 2, 20, 15, 4, '19:30:00', '21:30:00', '2013-07-04', 'no'),
(685, 53, 2, 23, 14, 5, '17:30:00', '20:00:00', '2013-07-05', 'no'),
(686, 55, 6, 24, 19, 5, '17:00:00', '19:00:00', '2013-07-05', 'no'),
(687, 30, 3, 21, 15, 5, '17:00:00', '18:30:00', '2013-07-05', 'no'),
(688, 60, 6, 26, 18, 6, '10:30:00', '12:30:00', '2013-07-06', 'no'),
(689, 57, 5, 25, 15, 6, '18:30:00', '20:30:00', '2013-07-06', 'no'),
(690, 48, 5, 20, 14, 6, '16:00:00', '17:30:00', '2013-07-06', 'no'),
(691, 51, 4, 23, 16, 1, '10:00:00', '11:30:00', '2013-07-08', 'no'),
(692, 58, 5, 26, 15, 1, '08:00:00', '10:00:00', '2013-07-08', 'no'),
(693, 44, 2, 20, 15, 1, '10:30:00', '11:30:00', '2013-07-08', 'no'),
(694, 56, 6, 25, 14, 2, '18:30:00', '20:30:00', '2013-07-09', 'no'),
(695, 54, 6, 24, 19, 2, '17:00:00', '18:30:00', '2013-07-09', 'no'),
(696, 49, 1, 22, 13, 2, '17:00:00', '19:00:00', '2013-07-09', 'no'),
(697, 28, 5, 21, 15, 2, '13:30:00', '15:00:00', '2013-07-09', 'no'),
(698, 52, 2, 23, 15, 3, '15:30:00', '17:30:00', '2013-07-10', 'no'),
(699, 59, 2, 26, 18, 3, '09:00:00', '10:30:00', '2013-07-10', 'no'),
(700, 29, 2, 21, 15, 3, '17:30:00', '19:00:00', '2013-07-10', 'no'),
(701, 50, 1, 22, 13, 4, '17:00:00', '19:00:00', '2013-07-11', 'no'),
(702, 45, 2, 20, 15, 4, '19:30:00', '21:30:00', '2013-07-11', 'no'),
(703, 53, 2, 23, 14, 5, '17:30:00', '20:00:00', '2013-07-12', 'no'),
(704, 55, 6, 24, 19, 5, '17:00:00', '19:00:00', '2013-07-12', 'no'),
(705, 30, 3, 21, 15, 5, '17:00:00', '18:30:00', '2013-07-12', 'no'),
(706, 60, 6, 26, 18, 6, '10:30:00', '12:30:00', '2013-07-13', 'no'),
(707, 57, 5, 25, 15, 6, '18:30:00', '20:30:00', '2013-07-13', 'no'),
(708, 48, 5, 20, 14, 6, '16:00:00', '17:30:00', '2013-07-13', 'no'),
(709, 51, 4, 23, 16, 1, '10:00:00', '11:30:00', '2013-07-15', 'no'),
(710, 58, 5, 26, 15, 1, '08:00:00', '10:00:00', '2013-07-15', 'no'),
(711, 44, 2, 20, 15, 1, '10:30:00', '11:30:00', '2013-07-15', 'no'),
(712, 56, 6, 25, 14, 2, '18:30:00', '20:30:00', '2013-07-16', 'no'),
(713, 54, 6, 24, 19, 2, '17:00:00', '18:30:00', '2013-07-16', 'no'),
(714, 49, 1, 22, 13, 2, '17:00:00', '19:00:00', '2013-07-16', 'no'),
(715, 28, 5, 21, 15, 2, '13:30:00', '15:00:00', '2013-07-16', 'no'),
(716, 52, 2, 23, 15, 3, '15:30:00', '17:30:00', '2013-07-17', 'no'),
(717, 59, 2, 26, 18, 3, '09:00:00', '10:30:00', '2013-07-17', 'no'),
(718, 29, 2, 21, 15, 3, '17:30:00', '19:00:00', '2013-07-17', 'no'),
(719, 50, 1, 22, 13, 4, '17:00:00', '19:00:00', '2013-07-18', 'no'),
(720, 45, 2, 20, 15, 4, '19:30:00', '21:30:00', '2013-07-18', 'no'),
(721, 53, 2, 23, 14, 5, '17:30:00', '20:00:00', '2013-07-19', 'no'),
(722, 55, 6, 24, 19, 5, '17:00:00', '19:00:00', '2013-07-19', 'no'),
(723, 30, 3, 21, 15, 5, '17:00:00', '18:30:00', '2013-07-19', 'no'),
(724, 60, 6, 26, 18, 6, '10:30:00', '12:30:00', '2013-07-20', 'no'),
(725, 57, 5, 25, 15, 6, '18:30:00', '20:30:00', '2013-07-20', 'no'),
(726, 48, 5, 20, 14, 6, '16:00:00', '17:30:00', '2013-07-20', 'no'),
(727, 51, 4, 23, 16, 1, '10:00:00', '11:30:00', '2013-07-22', 'no'),
(728, 58, 5, 26, 15, 1, '08:00:00', '10:00:00', '2013-07-22', 'no'),
(729, 44, 2, 20, 15, 1, '10:30:00', '11:30:00', '2013-07-22', 'no'),
(730, 56, 6, 25, 14, 2, '18:30:00', '20:30:00', '2013-07-23', 'no'),
(731, 54, 6, 24, 19, 2, '17:00:00', '18:30:00', '2013-07-23', 'no'),
(732, 49, 1, 22, 13, 2, '17:00:00', '19:00:00', '2013-07-23', 'no'),
(733, 28, 5, 21, 15, 2, '13:30:00', '15:00:00', '2013-07-23', 'no'),
(734, 52, 2, 23, 15, 3, '15:30:00', '17:30:00', '2013-07-24', 'no'),
(735, 59, 2, 26, 18, 3, '09:00:00', '10:30:00', '2013-07-24', 'no'),
(736, 29, 2, 21, 15, 3, '17:30:00', '19:00:00', '2013-07-24', 'no'),
(737, 50, 1, 22, 13, 4, '17:00:00', '19:00:00', '2013-07-25', 'no'),
(738, 45, 2, 20, 15, 4, '19:30:00', '21:30:00', '2013-07-25', 'no'),
(739, 53, 2, 23, 14, 5, '17:30:00', '20:00:00', '2013-07-26', 'no'),
(740, 55, 6, 24, 19, 5, '17:00:00', '19:00:00', '2013-07-26', 'no'),
(741, 30, 3, 21, 15, 5, '17:00:00', '18:30:00', '2013-07-26', 'no'),
(742, 60, 6, 26, 18, 6, '10:30:00', '12:30:00', '2013-07-27', 'no'),
(743, 57, 5, 25, 15, 6, '18:30:00', '20:30:00', '2013-07-27', 'no'),
(744, 48, 5, 20, 14, 6, '16:00:00', '17:30:00', '2013-07-27', 'no'),
(745, 51, 4, 23, 16, 1, '10:00:00', '11:30:00', '2013-07-29', 'no');
INSERT INTO `schedule_22802` (`id`, `lesson_id`, `classroom_id`, `school_groups_id`, `user_id`, `day`, `time_start`, `time_stop`, `date`, `cancel`) VALUES
(746, 58, 5, 26, 15, 1, '08:00:00', '10:00:00', '2013-07-29', 'no'),
(747, 44, 2, 20, 15, 1, '10:30:00', '11:30:00', '2013-07-29', 'no'),
(748, 56, 6, 25, 14, 2, '18:30:00', '20:30:00', '2013-07-30', 'no'),
(749, 54, 6, 24, 19, 2, '17:00:00', '18:30:00', '2013-07-30', 'no'),
(750, 49, 1, 22, 13, 2, '17:00:00', '19:00:00', '2013-07-30', 'no'),
(751, 28, 5, 21, 15, 2, '13:30:00', '15:00:00', '2013-07-30', 'no'),
(752, 52, 2, 23, 15, 3, '15:30:00', '17:30:00', '2013-07-31', 'no'),
(753, 59, 2, 26, 18, 3, '09:00:00', '10:30:00', '2013-07-31', 'no'),
(754, 29, 2, 21, 15, 3, '17:30:00', '19:00:00', '2013-07-31', 'no'),
(755, 50, 1, 22, 13, 4, '17:00:00', '19:00:00', '2013-08-01', 'no'),
(756, 45, 2, 20, 15, 4, '19:30:00', '21:30:00', '2013-08-01', 'no'),
(757, 53, 2, 23, 14, 5, '17:30:00', '20:00:00', '2013-08-02', 'no'),
(758, 55, 6, 24, 19, 5, '17:00:00', '19:00:00', '2013-08-02', 'no'),
(759, 30, 3, 21, 15, 5, '17:00:00', '18:30:00', '2013-08-02', 'no'),
(760, 60, 6, 26, 18, 6, '10:30:00', '12:30:00', '2013-08-03', 'no'),
(761, 57, 5, 25, 15, 6, '18:30:00', '20:30:00', '2013-08-03', 'no'),
(762, 48, 5, 20, 14, 6, '16:00:00', '17:30:00', '2013-08-03', 'no'),
(763, 51, 4, 23, 16, 1, '10:00:00', '11:30:00', '2013-08-05', 'no'),
(764, 58, 5, 26, 15, 1, '08:00:00', '10:00:00', '2013-08-05', 'no'),
(765, 44, 2, 20, 15, 1, '10:30:00', '11:30:00', '2013-08-05', 'no'),
(766, 56, 6, 25, 14, 2, '18:30:00', '20:30:00', '2013-08-06', 'no'),
(767, 54, 6, 24, 19, 2, '17:00:00', '18:30:00', '2013-08-06', 'no'),
(768, 49, 1, 22, 13, 2, '17:00:00', '19:00:00', '2013-08-06', 'no'),
(769, 28, 5, 21, 15, 2, '13:30:00', '15:00:00', '2013-08-06', 'no'),
(770, 52, 2, 23, 15, 3, '15:30:00', '17:30:00', '2013-08-07', 'no'),
(771, 59, 2, 26, 18, 3, '09:00:00', '10:30:00', '2013-08-07', 'no'),
(772, 29, 2, 21, 15, 3, '17:30:00', '19:00:00', '2013-08-07', 'no'),
(773, 50, 1, 22, 13, 4, '17:00:00', '19:00:00', '2013-08-08', 'no'),
(774, 45, 2, 20, 15, 4, '19:30:00', '21:30:00', '2013-08-08', 'no'),
(775, 53, 2, 23, 14, 5, '17:30:00', '20:00:00', '2013-08-09', 'no'),
(776, 55, 6, 24, 19, 5, '17:00:00', '19:00:00', '2013-08-09', 'no'),
(777, 30, 3, 21, 15, 5, '17:00:00', '18:30:00', '2013-08-09', 'no'),
(778, 60, 6, 26, 18, 6, '10:30:00', '12:30:00', '2013-08-10', 'no'),
(779, 57, 5, 25, 15, 6, '18:30:00', '20:30:00', '2013-08-10', 'no'),
(780, 48, 5, 20, 14, 6, '16:00:00', '17:30:00', '2013-08-10', 'no'),
(781, 51, 4, 23, 16, 1, '10:00:00', '11:30:00', '2013-08-12', 'no'),
(782, 58, 5, 26, 15, 1, '08:00:00', '10:00:00', '2013-08-12', 'no'),
(783, 44, 2, 20, 15, 1, '10:30:00', '11:30:00', '2013-08-12', 'no'),
(784, 56, 6, 25, 14, 2, '18:30:00', '20:30:00', '2013-08-13', 'no'),
(785, 54, 6, 24, 19, 2, '17:00:00', '18:30:00', '2013-08-13', 'no'),
(786, 49, 1, 22, 13, 2, '17:00:00', '19:00:00', '2013-08-13', 'no'),
(787, 28, 5, 21, 15, 2, '13:30:00', '15:00:00', '2013-08-13', 'no'),
(788, 52, 2, 23, 15, 3, '15:30:00', '17:30:00', '2013-08-14', 'no'),
(789, 59, 2, 26, 18, 3, '09:00:00', '10:30:00', '2013-08-14', 'no'),
(790, 29, 2, 21, 15, 3, '17:30:00', '19:00:00', '2013-08-14', 'no'),
(791, 50, 1, 22, 13, 4, '17:00:00', '19:00:00', '2013-08-15', 'no'),
(792, 45, 2, 20, 15, 4, '19:30:00', '21:30:00', '2013-08-15', 'no'),
(793, 53, 2, 23, 14, 5, '17:30:00', '20:00:00', '2013-08-16', 'no'),
(794, 55, 6, 24, 19, 5, '17:00:00', '19:00:00', '2013-08-16', 'no'),
(795, 30, 3, 21, 15, 5, '17:00:00', '18:30:00', '2013-08-16', 'no'),
(796, 60, 6, 26, 18, 6, '10:30:00', '12:30:00', '2013-08-17', 'no'),
(797, 57, 5, 25, 15, 6, '18:30:00', '20:30:00', '2013-08-17', 'no'),
(798, 48, 5, 20, 14, 6, '16:00:00', '17:30:00', '2013-08-17', 'no'),
(799, 51, 4, 23, 16, 1, '10:00:00', '11:30:00', '2013-08-19', 'no'),
(800, 58, 5, 26, 15, 1, '08:00:00', '10:00:00', '2013-08-19', 'no'),
(801, 44, 2, 20, 15, 1, '10:30:00', '11:30:00', '2013-08-19', 'no'),
(802, 56, 6, 25, 14, 2, '18:30:00', '20:30:00', '2013-08-20', 'no'),
(803, 54, 6, 24, 19, 2, '17:00:00', '18:30:00', '2013-08-20', 'no'),
(804, 49, 1, 22, 13, 2, '17:00:00', '19:00:00', '2013-08-20', 'no'),
(805, 28, 5, 21, 15, 2, '13:30:00', '15:00:00', '2013-08-20', 'no'),
(806, 52, 2, 23, 15, 3, '15:30:00', '17:30:00', '2013-08-21', 'no'),
(807, 59, 2, 26, 18, 3, '09:00:00', '10:30:00', '2013-08-21', 'no'),
(808, 29, 2, 21, 15, 3, '17:30:00', '19:00:00', '2013-08-21', 'no'),
(809, 50, 1, 22, 13, 4, '17:00:00', '19:00:00', '2013-08-22', 'no'),
(810, 45, 2, 20, 15, 4, '19:30:00', '21:30:00', '2013-08-22', 'no'),
(811, 53, 2, 23, 14, 5, '17:30:00', '20:00:00', '2013-08-23', 'no'),
(812, 55, 6, 24, 19, 5, '17:00:00', '19:00:00', '2013-08-23', 'no'),
(813, 30, 3, 21, 15, 5, '17:00:00', '18:30:00', '2013-08-23', 'no'),
(814, 60, 6, 26, 18, 6, '10:30:00', '12:30:00', '2013-08-24', 'no'),
(815, 57, 5, 25, 15, 6, '18:30:00', '20:30:00', '2013-08-24', 'no'),
(816, 48, 5, 20, 14, 6, '16:00:00', '17:30:00', '2013-08-24', 'no'),
(817, 51, 4, 23, 16, 1, '10:00:00', '11:30:00', '2013-08-26', 'no'),
(818, 58, 5, 26, 15, 1, '08:00:00', '10:00:00', '2013-08-26', 'no'),
(819, 44, 2, 20, 15, 1, '10:30:00', '11:30:00', '2013-08-26', 'no'),
(820, 56, 6, 25, 14, 2, '18:30:00', '20:30:00', '2013-08-27', 'no'),
(821, 54, 6, 24, 19, 2, '17:00:00', '18:30:00', '2013-08-27', 'no'),
(822, 49, 1, 22, 13, 2, '17:00:00', '19:00:00', '2013-08-27', 'no'),
(823, 28, 5, 21, 15, 2, '13:30:00', '15:00:00', '2013-08-27', 'no'),
(824, 52, 2, 23, 15, 3, '15:30:00', '17:30:00', '2013-08-28', 'no'),
(825, 59, 2, 26, 18, 3, '09:00:00', '10:30:00', '2013-08-28', 'no'),
(826, 29, 2, 21, 15, 3, '17:30:00', '19:00:00', '2013-08-28', 'no'),
(827, 50, 1, 22, 13, 4, '17:00:00', '19:00:00', '2013-08-29', 'no'),
(828, 45, 2, 20, 15, 4, '19:30:00', '21:30:00', '2013-08-29', 'no'),
(829, 53, 2, 23, 14, 5, '17:30:00', '20:00:00', '2013-08-30', 'no'),
(830, 55, 6, 24, 19, 5, '17:00:00', '19:00:00', '2013-08-30', 'no'),
(831, 30, 3, 21, 15, 5, '17:00:00', '18:30:00', '2013-08-30', 'no'),
(832, 60, 6, 26, 18, 6, '10:30:00', '12:30:00', '2013-08-31', 'no'),
(833, 57, 5, 25, 15, 6, '18:30:00', '20:30:00', '2013-08-31', 'no'),
(834, 48, 5, 20, 14, 6, '16:00:00', '17:30:00', '2013-08-31', 'no'),
(835, 51, 4, 23, 16, 1, '10:00:00', '11:30:00', '2013-09-02', 'no'),
(836, 58, 5, 26, 15, 1, '08:00:00', '10:00:00', '2013-09-02', 'no'),
(837, 44, 2, 20, 15, 1, '10:30:00', '11:30:00', '2013-09-02', 'no'),
(838, 56, 6, 25, 14, 2, '18:30:00', '20:30:00', '2013-09-03', 'no'),
(839, 54, 6, 24, 19, 2, '17:00:00', '18:30:00', '2013-09-03', 'no'),
(840, 49, 1, 22, 13, 2, '17:00:00', '19:00:00', '2013-09-03', 'no'),
(841, 28, 5, 21, 15, 2, '13:30:00', '15:00:00', '2013-09-03', 'no'),
(842, 52, 2, 23, 15, 3, '15:30:00', '17:30:00', '2013-09-04', 'no'),
(843, 59, 2, 26, 18, 3, '09:00:00', '10:30:00', '2013-09-04', 'no'),
(844, 29, 2, 21, 15, 3, '17:30:00', '19:00:00', '2013-09-04', 'no'),
(845, 50, 1, 22, 13, 4, '17:00:00', '19:00:00', '2013-09-05', 'no'),
(846, 45, 2, 20, 15, 4, '19:30:00', '21:30:00', '2013-09-05', 'no'),
(847, 53, 2, 23, 14, 5, '17:30:00', '20:00:00', '2013-09-06', 'no'),
(848, 55, 6, 24, 19, 5, '17:00:00', '19:00:00', '2013-09-06', 'no'),
(849, 30, 3, 21, 15, 5, '17:00:00', '18:30:00', '2013-09-06', 'no'),
(850, 60, 6, 26, 18, 6, '10:30:00', '12:30:00', '2013-09-07', 'no'),
(851, 57, 5, 25, 15, 6, '18:30:00', '20:30:00', '2013-09-07', 'no'),
(852, 48, 5, 20, 14, 6, '16:00:00', '17:30:00', '2013-09-07', 'no'),
(853, 51, 4, 23, 16, 1, '10:00:00', '11:30:00', '2013-09-09', 'no'),
(854, 58, 5, 26, 15, 1, '08:00:00', '10:00:00', '2013-09-09', 'no'),
(855, 44, 2, 20, 15, 1, '10:30:00', '11:30:00', '2013-09-09', 'no'),
(856, 56, 6, 25, 14, 2, '18:30:00', '20:30:00', '2013-09-10', 'no'),
(857, 54, 6, 24, 19, 2, '17:00:00', '18:30:00', '2013-09-10', 'no'),
(858, 49, 1, 22, 13, 2, '17:00:00', '19:00:00', '2013-09-10', 'no'),
(859, 28, 5, 21, 15, 2, '13:30:00', '15:00:00', '2013-09-10', 'no'),
(860, 52, 2, 23, 15, 3, '15:30:00', '17:30:00', '2013-09-11', 'no'),
(861, 59, 2, 26, 18, 3, '09:00:00', '10:30:00', '2013-09-11', 'no'),
(862, 29, 2, 21, 15, 3, '17:30:00', '19:00:00', '2013-09-11', 'no'),
(863, 50, 1, 22, 13, 4, '17:00:00', '19:00:00', '2013-09-12', 'no'),
(864, 45, 2, 20, 15, 4, '19:30:00', '21:30:00', '2013-09-12', 'no'),
(865, 53, 2, 23, 14, 5, '17:30:00', '20:00:00', '2013-09-13', 'no'),
(866, 55, 6, 24, 19, 5, '17:00:00', '19:00:00', '2013-09-13', 'no'),
(867, 30, 3, 21, 15, 5, '17:00:00', '18:30:00', '2013-09-13', 'no'),
(868, 60, 6, 26, 18, 6, '10:30:00', '12:30:00', '2013-09-14', 'no'),
(869, 57, 5, 25, 15, 6, '18:30:00', '20:30:00', '2013-09-14', 'no'),
(870, 48, 5, 20, 14, 6, '16:00:00', '17:30:00', '2013-09-14', 'no'),
(871, 51, 4, 23, 16, 1, '10:00:00', '11:30:00', '2013-09-16', 'no'),
(872, 58, 5, 26, 15, 1, '08:00:00', '10:00:00', '2013-09-16', 'no'),
(873, 44, 2, 20, 15, 1, '10:30:00', '11:30:00', '2013-09-16', 'no'),
(874, 56, 6, 25, 14, 2, '18:30:00', '20:30:00', '2013-09-17', 'no'),
(875, 54, 6, 24, 19, 2, '17:00:00', '18:30:00', '2013-09-17', 'no'),
(876, 49, 1, 22, 13, 2, '17:00:00', '19:00:00', '2013-09-17', 'no'),
(877, 28, 5, 21, 15, 2, '13:30:00', '15:00:00', '2013-09-17', 'no'),
(878, 52, 2, 23, 15, 3, '15:30:00', '17:30:00', '2013-09-18', 'no'),
(879, 59, 2, 26, 18, 3, '09:00:00', '10:30:00', '2013-09-18', 'no'),
(880, 29, 2, 21, 15, 3, '17:30:00', '19:00:00', '2013-09-18', 'no'),
(881, 50, 1, 22, 13, 4, '17:00:00', '19:00:00', '2013-09-19', 'no'),
(882, 45, 2, 20, 15, 4, '19:30:00', '21:30:00', '2013-09-19', 'no'),
(883, 53, 2, 23, 14, 5, '17:30:00', '20:00:00', '2013-09-20', 'no'),
(884, 55, 6, 24, 19, 5, '17:00:00', '19:00:00', '2013-09-20', 'no'),
(885, 30, 3, 21, 15, 5, '17:00:00', '18:30:00', '2013-09-20', 'no'),
(886, 60, 6, 26, 18, 6, '10:30:00', '12:30:00', '2013-09-21', 'no'),
(887, 57, 5, 25, 15, 6, '18:30:00', '20:30:00', '2013-09-21', 'no'),
(888, 48, 5, 20, 14, 6, '16:00:00', '17:30:00', '2013-09-21', 'no'),
(889, 51, 4, 23, 16, 1, '10:00:00', '11:30:00', '2013-09-23', 'no'),
(890, 58, 5, 26, 15, 1, '08:00:00', '10:00:00', '2013-09-23', 'no'),
(891, 44, 2, 20, 15, 1, '10:30:00', '11:30:00', '2013-09-23', 'no'),
(892, 56, 6, 25, 14, 2, '18:30:00', '20:30:00', '2013-09-24', 'no'),
(893, 54, 6, 24, 19, 2, '17:00:00', '18:30:00', '2013-09-24', 'no'),
(894, 49, 1, 22, 13, 2, '17:00:00', '19:00:00', '2013-09-24', 'no'),
(895, 28, 5, 21, 15, 2, '13:30:00', '15:00:00', '2013-09-24', 'no'),
(896, 52, 2, 23, 15, 3, '15:30:00', '17:30:00', '2013-09-25', 'no'),
(897, 59, 2, 26, 18, 3, '09:00:00', '10:30:00', '2013-09-25', 'no'),
(898, 29, 2, 21, 15, 3, '17:30:00', '19:00:00', '2013-09-25', 'no'),
(899, 50, 1, 22, 13, 4, '17:00:00', '19:00:00', '2013-09-26', 'no'),
(900, 45, 2, 20, 15, 4, '19:30:00', '21:30:00', '2013-09-26', 'no'),
(901, 53, 2, 23, 14, 5, '17:30:00', '20:00:00', '2013-09-27', 'no'),
(902, 55, 6, 24, 19, 5, '17:00:00', '19:00:00', '2013-09-27', 'no'),
(903, 30, 3, 21, 15, 5, '17:00:00', '18:30:00', '2013-09-27', 'no'),
(904, 60, 6, 26, 18, 6, '10:30:00', '12:30:00', '2013-09-28', 'no'),
(905, 57, 5, 25, 15, 6, '18:30:00', '20:30:00', '2013-09-28', 'no'),
(906, 48, 5, 20, 14, 6, '16:00:00', '17:30:00', '2013-09-28', 'no'),
(907, 51, 4, 23, 16, 1, '10:00:00', '11:30:00', '2013-09-30', 'no'),
(908, 58, 5, 26, 15, 1, '08:00:00', '10:00:00', '2013-09-30', 'no'),
(909, 44, 2, 20, 15, 1, '10:30:00', '11:30:00', '2013-09-30', 'no'),
(910, 56, 6, 25, 14, 2, '18:30:00', '20:30:00', '2013-10-01', 'no'),
(911, 54, 6, 24, 19, 2, '17:00:00', '18:30:00', '2013-10-01', 'no'),
(912, 49, 1, 22, 13, 2, '17:00:00', '19:00:00', '2013-10-01', 'no'),
(913, 28, 5, 21, 15, 2, '13:30:00', '15:00:00', '2013-10-01', 'no'),
(914, 52, 2, 23, 15, 3, '15:30:00', '17:30:00', '2013-10-02', 'no'),
(915, 59, 2, 26, 18, 3, '09:00:00', '10:30:00', '2013-10-02', 'no'),
(916, 29, 2, 21, 15, 3, '17:30:00', '19:00:00', '2013-10-02', 'no'),
(917, 50, 1, 22, 13, 4, '17:00:00', '19:00:00', '2013-10-03', 'no'),
(918, 45, 2, 20, 15, 4, '19:30:00', '21:30:00', '2013-10-03', 'no'),
(919, 53, 2, 23, 14, 5, '17:30:00', '20:00:00', '2013-10-04', 'no'),
(920, 55, 6, 24, 19, 5, '17:00:00', '19:00:00', '2013-10-04', 'no'),
(921, 30, 3, 21, 15, 5, '17:00:00', '18:30:00', '2013-10-04', 'no'),
(922, 60, 6, 26, 18, 6, '10:30:00', '12:30:00', '2013-10-05', 'no'),
(923, 57, 5, 25, 15, 6, '18:30:00', '20:30:00', '2013-10-05', 'no'),
(924, 48, 5, 20, 14, 6, '16:00:00', '17:30:00', '2013-10-05', 'no'),
(925, 51, 4, 23, 16, 1, '10:00:00', '11:30:00', '2013-10-07', 'no'),
(926, 58, 5, 26, 15, 1, '08:00:00', '10:00:00', '2013-10-07', 'no'),
(927, 44, 2, 20, 15, 1, '10:30:00', '11:30:00', '2013-10-07', 'no'),
(928, 56, 6, 25, 14, 2, '18:30:00', '20:30:00', '2013-10-08', 'no'),
(929, 54, 6, 24, 19, 2, '17:00:00', '18:30:00', '2013-10-08', 'no'),
(930, 49, 1, 22, 13, 2, '17:00:00', '19:00:00', '2013-10-08', 'no'),
(931, 28, 5, 21, 15, 2, '13:30:00', '15:00:00', '2013-10-08', 'no'),
(932, 52, 2, 23, 15, 3, '15:30:00', '17:30:00', '2013-10-09', 'no'),
(933, 59, 2, 26, 18, 3, '09:00:00', '10:30:00', '2013-10-09', 'no'),
(934, 29, 2, 21, 15, 3, '17:30:00', '19:00:00', '2013-10-09', 'no'),
(935, 50, 1, 22, 13, 4, '17:00:00', '19:00:00', '2013-10-10', 'no'),
(936, 45, 2, 20, 15, 4, '19:30:00', '21:30:00', '2013-10-10', 'no'),
(937, 28, 5, 21, 15, 2, '13:30:00', '15:00:00', '2012-10-23', 'no'),
(938, 58, 5, 26, 15, 1, '08:00:00', '10:00:00', '2012-10-22', 'no'),
(939, 44, 5, 20, 15, 1, '08:30:00', '11:30:00', '2012-10-15', 'no'),
(940, 51, 1, 23, 16, 1, '09:00:00', '10:30:00', '2012-10-22', 'no'),
(941, 29, 2, 21, 15, 3, '17:00:00', '18:30:00', '2012-10-17', 'no');

-- --------------------------------------------------------

--
-- Структура таблицы `school_groups`
--

CREATE TABLE IF NOT EXISTS `school_groups` (
  `id` int(6) NOT NULL auto_increment,
  `name` varchar(100) collate utf8_unicode_ci NOT NULL,
  `lang_id` int(5) NOT NULL,
  `level_id` int(5) NOT NULL,
  `group_format_id` int(5) NOT NULL,
  `status` int(3) NOT NULL,
  PRIMARY KEY  (`id`)
) ENGINE=MyISAM  DEFAULT CHARSET=utf8 COLLATE=utf8_unicode_ci AUTO_INCREMENT=31 ;

--
-- Дамп данных таблицы `school_groups`
--

INSERT INTO `school_groups` (`id`, `name`, `lang_id`, `level_id`, `group_format_id`, `status`) VALUES
(28, '17:30 Общий А1', 1, 1, 2, 1),
(27, 'Карусельки', 1, 2, 2, 1),
(26, 'Викинги', 5, 2, 2, 1),
(25, 'Липки', 3, 4, 2, 1),
(29, 'Intensive A1', 1, 1, 2, 1),
(22, 'Bella Trio', 4, 1, 2, 1),
(23, 'крякозяблики', 9, 1, 2, 1),
(24, 'Interm 17', 1, 1, 2, 1),
(15, 'Индивидуал', 2, 1, 1, 0),
(16, 'Индивидуал', 9, 1, 1, 0),
(17, 'Индивидуал', 8, 1, 1, 0),
(18, 'Индивидуал', 8, 1, 1, 0),
(19, 'Индивидуал', 8, 1, 1, 0),
(20, 'test 02', 9, 1, 2, 1),
(21, 'De интенсив лето 17:00', 2, 1, 2, 1),
(30, 'Intensive A2', 1, 1, 2, 1);

-- --------------------------------------------------------

--
-- Структура таблицы `school_groups_users`
--

CREATE TABLE IF NOT EXISTS `school_groups_users` (
  `id` int(6) NOT NULL auto_increment,
  `school_groups_id` int(5) NOT NULL,
  `users_id` int(5) NOT NULL,
  PRIMARY KEY  (`id`)
) ENGINE=MyISAM  DEFAULT CHARSET=utf8 COLLATE=utf8_unicode_ci AUTO_INCREMENT=56 ;

--
-- Дамп данных таблицы `school_groups_users`
--

INSERT INTO `school_groups_users` (`id`, `school_groups_id`, `users_id`) VALUES
(1, 6, 2),
(2, 6, 5),
(3, 6, 3),
(4, 7, 7),
(5, 7, 3),
(6, 7, 7),
(7, 10, 2),
(8, 10, 7),
(9, 10, 7),
(10, 11, 2),
(11, 11, 6),
(12, 12, 4),
(13, 12, 5),
(14, 11, 10),
(15, 4, 11),
(16, 11, 13),
(17, 13, 7),
(18, 13, 3),
(19, 13, 4),
(20, 14, 13),
(21, 14, 13),
(22, 10, 14),
(23, 15, 14),
(24, 15, 13),
(25, 16, 14),
(26, 16, 14),
(27, 17, 14),
(28, 17, 14),
(29, 18, 14),
(30, 18, 14),
(31, 19, 14),
(32, 19, 14),
(33, 20, 13),
(34, 20, 14),
(35, 21, 15),
(36, 22, 13),
(37, 23, 14),
(38, 23, 15),
(39, 23, 16),
(40, 24, 19),
(41, 24, 20),
(42, 25, 14),
(43, 25, 15),
(44, 26, 18),
(45, 26, 15),
(46, 26, 14),
(47, 26, 18),
(48, 22, 21),
(49, 27, 13),
(50, 27, 15),
(51, 27, 17),
(52, 28, 22),
(53, 28, 23),
(54, 29, 23),
(55, 30, 24);

-- --------------------------------------------------------

--
-- Структура таблицы `student`
--

CREATE TABLE IF NOT EXISTS `student` (
  `id` int(6) NOT NULL auto_increment,
  `fio` varchar(255) collate utf8_unicode_ci NOT NULL,
  `fio_name` varchar(150) collate utf8_unicode_ci NOT NULL,
  `fio_sname` varchar(150) collate utf8_unicode_ci NOT NULL,
  `fio_mname` varchar(150) collate utf8_unicode_ci NOT NULL,
  `mail` varchar(50) collate utf8_unicode_ci default NULL,
  `phone` varchar(50) collate utf8_unicode_ci NOT NULL,
  `address` varchar(255) collate utf8_unicode_ci default NULL,
  `birthday` timestamp NULL default '0000-00-00 00:00:00',
  `status` int(3) default NULL,
  `comment` text collate utf8_unicode_ci,
  `business_info` varchar(255) collate utf8_unicode_ci default NULL,
  `from_know` varchar(150) collate utf8_unicode_ci default NULL,
  `discount` int(2) default NULL,
  `date` timestamp NOT NULL default '0000-00-00 00:00:00',
  `status_id` int(5) default NULL,
  `test_lesson` timestamp NULL default '0000-00-00 00:00:00',
  `info_obj` text collate utf8_unicode_ci,
  `star` varchar(3) collate utf8_unicode_ci NOT NULL default 'off',
  `delete` varchar(15) collate utf8_unicode_ci NOT NULL default 'live',
  PRIMARY KEY  (`id`)
) ENGINE=MyISAM  DEFAULT CHARSET=utf8 COLLATE=utf8_unicode_ci AUTO_INCREMENT=65 ;

--
-- Дамп данных таблицы `student`
--

INSERT INTO `student` (`id`, `fio`, `fio_name`, `fio_sname`, `fio_mname`, `mail`, `phone`, `address`, `birthday`, `status`, `comment`, `business_info`, `from_know`, `discount`, `date`, `status_id`, `test_lesson`, `info_obj`, `star`, `delete`) VALUES
(1, '1 Шевченко Александр Александрович', '', '', '', 'skybee84@yandex.ru', '066-150-80-25', 'пр-т. Победы 48-а', '2009-01-15 22:00:00', NULL, 'Хороший студент', NULL, '1', 5, '2012-04-12 21:00:00', 1, '0000-00-00 00:00:00', NULL, 'off', 'delete'),
(2, '2 Михайлов Андрей Юрьевич', '', '', '', 'skybee84@yandex.ru', '0661508025', 'ул. Анисовая 42', '2005-08-18 21:00:00', NULL, 'Знающий студент. Может быть направлен в группу с более высоким уровнем', NULL, '1', 0, '2012-04-13 21:00:00', NULL, '0000-00-00 00:00:00', NULL, 'off', 'delete'),
(3, '3 Михайлов Андрей Юрьевич', '', '', '', 'skybee84@yandex.ru', '0661508025', 'ул. Анисовая 42', '2012-04-14 20:01:00', NULL, 'Знающий студент. Может быть направлен в группу с более высоким уровнем', NULL, '1', 0, '2012-04-13 21:00:00', 1, '0000-00-00 00:00:00', NULL, 'off', 'arhive'),
(4, '4 Михайлов Андрей Юрьевич', '', '', '', 'skybee84@yandex.ru', '0661508025', 'ул. Анисовая 42', '2012-04-14 20:02:09', NULL, 'Знающий студент. Может быть направлен в группу с более высоким уровнем', NULL, '1', 0, '2012-04-13 21:00:00', 1, '2012-03-31 21:00:00', NULL, 'off', 'arhive'),
(5, 'Лысенко Андрей Генадиевич', 'Андрей', 'Лысенко', 'Генадиевич', 'skybee84@yandex.ru', '0661508025', 'ул. Анисовая 42', '2005-08-18 21:00:00', NULL, 'Знающий студент. Может быть направлен в группу с более высоким уровнем', '', 'метро', 0, '2012-04-13 21:00:00', 1, '2012-04-02 21:00:00', NULL, 'off', 'delete'),
(6, '6 Михайлов Андрей Юрьевич', '', '', '', '', '0661508025', '', '0000-00-00 00:00:00', NULL, '', NULL, '2', 0, '2012-04-13 21:00:00', 1, '2012-04-02 21:00:00', NULL, 'on', 'arhive'),
(7, '7 Михайлов Андрей Юрьевич', '', '', '', '', '0661508025', '', '0000-00-00 00:00:00', NULL, '', '', 'метро', 0, '2012-04-13 21:00:00', 1, '0000-00-00 00:00:00', NULL, 'off', 'arhive'),
(8, '8 Михайлов Андрей Юрьевич', '', '', '', '', '0661508025', '', '0000-00-00 00:00:00', NULL, '', NULL, '2', 0, '2012-04-13 21:00:00', 1, '2012-04-27 21:00:00', NULL, 'off', 'delete'),
(9, '9 Михайлов Андрей Юрьевич', '', '', '', '', '0661508025', '', '0000-00-00 00:00:00', NULL, '', NULL, '2', 0, '2012-04-13 21:00:00', 1, '2012-04-27 21:00:00', NULL, 'off', 'delete'),
(10, '10 Михайлов Андрей Юрьевич', '', '', '', '', '0661508025', '', '0000-00-00 00:00:00', NULL, '', '', 'метро', 0, '2012-04-13 21:00:00', 1, '2012-04-27 21:00:00', NULL, 'off', 'live'),
(11, 'Николаев Александр', '', '', '', '', '0956234578', '', '0000-00-00 00:00:00', NULL, '', NULL, '1', 0, '2012-04-20 21:00:00', NULL, '0000-00-00 00:00:00', NULL, 'off', 'delete'),
(12, 'Николаев Александр', '', '', '', '', '0956234578', '', '0000-00-00 00:00:00', NULL, '', NULL, '1', 0, '2012-04-20 21:00:00', NULL, '0000-00-00 00:00:00', NULL, 'off', 'delete'),
(13, 'Николаев Александр', '', '', '', '', '0956234578', '', '0000-00-00 00:00:00', NULL, '', NULL, '1', 0, '2012-04-20 21:00:00', NULL, '0000-00-00 00:00:00', NULL, 'off', 'delete'),
(14, 'Петренко Иван Антонавич', '', '', '', '', '0579580245', '', '0000-00-00 00:00:00', NULL, '', NULL, '1', 0, '2012-04-21 21:00:00', NULL, '0000-00-00 00:00:00', NULL, 'off', 'delete'),
(15, 'Максименко Иван Антонавич', '', '', '', '', '0579580245', 'ул. Ивановская 12-б', '2012-04-25 21:00:00', NULL, '', NULL, '2', 20, '2012-04-21 21:00:00', 1, '0000-00-00 00:00:00', NULL, 'off', 'delete'),
(16, 'Павликов Михаил Иванович', '', '', '', 'sdf@mail.ru', '0669214566', 'ул. Магаданская 18', '0000-00-00 00:00:00', NULL, '', NULL, '2', 10, '2012-04-22 21:00:00', NULL, '0000-00-00 00:00:00', NULL, 'off', 'delete'),
(23, 'Цукерка Алена Васильевна', '', '', '', '', '0631256415', '', '0000-00-00 00:00:00', NULL, '', NULL, 'метро', 0, '2012-05-29 21:00:00', 3, '0000-00-00 00:00:00', 'O:11:"info_db_lib":5:{s:12:"count_lesson";s:1:"2";s:11:"lesson_form";s:1:"2";s:13:"lesson_length";s:1:"2";s:11:"prefer_lang";s:2:"Ge";s:11:"schedule_ar";a:3:{i:1;s:8:"17:30:00";i:3;s:8:"18:00:00";i:5;s:8:"17:00:00";}}', 'off', 'delete'),
(22, 'Николаенко Кирил Артемович', '', '', '', '', '0953082217', '', '0000-00-00 00:00:00', NULL, '', NULL, 'метро', 0, '2012-05-29 21:00:00', 3, '0000-00-00 00:00:00', 'O:11:"info_db_lib":5:{s:12:"count_lesson";s:1:"2";s:11:"lesson_form";s:1:"2";s:13:"lesson_length";s:1:"2";s:11:"prefer_lang";s:2:"En";s:11:"schedule_ar";a:3:{i:1;s:8:"17:00:00";i:2;s:8:"17:30:00";i:4;s:8:"17:30:00";}}', 'off', 'delete'),
(19, 'Максименко Андрей Павлович', '', '', '', '', '0503084571', '', '0000-00-00 00:00:00', NULL, '', NULL, 'метро', 0, '2012-04-26 21:00:00', 1, '2012-04-13 21:00:00', NULL, 'off', 'delete'),
(20, 'Петренко Николай Алексеевич', '', '', '', '', '0991502021', '', '0000-00-00 00:00:00', NULL, '', NULL, 'метро', 0, '2012-05-29 21:00:00', 3, '0000-00-00 00:00:00', 'O:11:"info_db_lib":5:{s:12:"count_lesson";s:1:"3";s:11:"lesson_form";s:1:"2";s:13:"lesson_length";s:1:"2";s:11:"prefer_lang";s:1:"2";s:11:"schedule_ar";a:4:{i:1;s:8:"18:00:00";i:3;s:8:"18:00:00";i:5;s:8:"16:30:00";i:7;s:8:"18:30:00";}}', 'off', 'delete'),
(21, 'Василенеко Андрей Генадиевич', '', '', '', '', '308226512', '', '0000-00-00 00:00:00', NULL, '', NULL, 'метро', 0, '2012-05-29 21:00:00', 3, '0000-00-00 00:00:00', 'O:11:"info_db_lib":5:{s:12:"count_lesson";s:1:"3";s:11:"lesson_form";s:1:"2";s:13:"lesson_length";s:4:"2:30";s:11:"prefer_lang";s:2:"Es";s:11:"schedule_ar";a:3:{i:1;s:8:"17:00:00";i:3;s:8:"16:30:00";i:5;s:8:"17:00:00";}}', 'off', 'live'),
(24, 'Василенко Артем Андреевич', 'Артем', 'Василенко', 'Андреевич', '', '0661598023', '', '0000-00-00 00:00:00', NULL, '', NULL, 'метро', 0, '2012-06-04 21:00:00', 1, '0000-00-00 00:00:00', NULL, 'off', 'delete'),
(25, 'Петренко Генадий Андреевич', 'Генадий', 'Петренко', 'Андреевич', 'skybee@meta.ua', '0501507832', 'ул. Калужная 9', '2009-09-17 21:00:00', NULL, 'Мавзик ватерноп амбилака дерабе примп. Аля бры.', NULL, 'интернет', 0, '2012-07-02 21:00:00', 1, '2012-07-13 21:00:00', NULL, 'on', 'delete'),
(26, 'Понин Вася Петрович', 'Вася', 'Понин', 'Петрович', '', '0924578615', '', '0000-00-00 00:00:00', NULL, '', NULL, 'метро', 0, '2012-07-02 21:00:00', 1, '0000-00-00 00:00:00', NULL, 'off', 'delete'),
(27, 'Валик Стас Гаврилович', 'Стас', 'Валик', 'Гаврилович', '', '0661507832', '', '0000-00-00 00:00:00', NULL, '', NULL, 'метро', 0, '2012-07-02 21:00:00', 3, '0000-00-00 00:00:00', 'O:11:"info_db_lib":5:{s:12:"count_lesson";s:1:"4";s:11:"lesson_form";s:1:"1";s:13:"lesson_length";s:1:"2";s:11:"prefer_lang";s:2:"Es";s:11:"schedule_ar";a:3:{i:1;s:8:"00:00:00";i:4;s:8:"00:00:00";i:7;s:8:"00:00:00";}}', 'off', 'delete'),
(28, 'Николенко Александр Викторович', 'Александр', 'Николенко', 'Викторович', 'sderty@mail.ru', '0923162215', 'ул. Светлая 17', '1997-01-15 22:00:00', NULL, 'Молодец!', NULL, 'метро', 0, '2012-07-05 21:00:00', 1, '0000-00-00 00:00:00', NULL, 'off', 'delete'),
(29, 'Сирко Андрей Викторович', 'Андрей', 'Сирко', 'Викторович', 'sderty@ua.com', '0932173216', 'пр-т. Свободы 48, кв. 52', '1988-05-19 20:00:00', NULL, '', NULL, 'интернет', 0, '2012-07-08 21:00:00', 1, '0000-00-00 00:00:00', NULL, 'off', 'delete'),
(30, 'Ванько Андрей Генадиевич', 'Андрей', 'Ванько', 'Генадиевич', '', '05031822333', '', '0000-00-00 00:00:00', NULL, '', NULL, 'метро', 0, '2012-07-08 21:00:00', 1, '0000-00-00 00:00:00', NULL, 'off', 'arhive'),
(31, 'Ванько Андрей Генадиевич', 'Андрей', 'Ванько', 'Генадиевич', '', '05031822333', '', '0000-00-00 00:00:00', NULL, '', NULL, 'метро', 0, '2012-07-08 21:00:00', 1, '0000-00-00 00:00:00', NULL, 'off', 'delete'),
(32, 'Ванько Андрей Генадиевич', 'Андрей', 'Ванько', 'Генадиевич', '', '05031822333', '', '0000-00-00 00:00:00', NULL, '', NULL, 'метро', 0, '2012-07-08 21:00:00', 1, '0000-00-00 00:00:00', NULL, 'on', 'delete'),
(33, 'Аксёнова Алина Юрьевна', 'Алина', 'Аксёнова', 'Юрьевна', '', '0507293710', '', '0000-00-00 00:00:00', NULL, '', NULL, 'метро', 0, '2012-03-13 22:00:00', 1, '0000-00-00 00:00:00', NULL, 'off', 'delete'),
(34, 'Макушенко Марина Тимуровна', 'Марина', 'Макушенко', 'Тимуровна', '', '0633827406', '', '0000-00-00 00:00:00', NULL, '', NULL, 'метро', 0, '2012-06-04 21:00:00', 1, '2012-06-05 21:00:00', NULL, 'off', 'delete'),
(35, 'Кравченко Марина Вячеславовна', 'Марина', 'Кравченко', 'Вячеславовна', '', '0989350797', '', '0000-00-00 00:00:00', NULL, '', NULL, 'метро', 0, '2012-04-17 21:00:00', 1, '2012-06-05 21:00:00', NULL, 'off', 'delete'),
(36, 'Скорик Анна Леонидовна', 'Анна', 'Скорик', 'Леонидовна', '', '0675735740', '', '0000-00-00 00:00:00', NULL, '', NULL, 'метро', 0, '2012-03-26 21:00:00', 1, '2012-06-05 21:00:00', NULL, 'off', 'delete'),
(37, 'Петренко Алексай Ифакович', 'Алексай', 'Петренко', 'Ифакович', '', '0509582345', '', '0000-00-00 00:00:00', NULL, '', NULL, 'метро', 0, '2012-07-17 21:00:00', 3, '0000-00-00 00:00:00', 'O:11:"info_db_lib":5:{s:12:"count_lesson";s:1:"1";s:11:"lesson_form";s:1:"2";s:13:"lesson_length";s:4:"2:30";s:11:"prefer_lang";s:2:"Es";s:11:"schedule_ar";a:2:{i:1;s:8:"16:00:00";i:4;s:8:"17:00:00";}}', 'off', 'delete'),
(38, 'Микуленко Андрей ', 'Андрей', 'Микуленко', '', '', '0661508025', '', '0000-00-00 00:00:00', NULL, '', NULL, 'метро', 0, '2012-08-24 21:00:00', 1, '2012-08-16 21:00:00', NULL, 'on', 'delete'),
(39, 'Борозняк Игорь Сергеевич', 'Игорь', 'Борозняк', 'Сергеевич', 'keennyy@gmail.com', '0997596982', 'Елизарова 11 кв 90', '2012-10-16 21:00:00', NULL, 'Труляля', NULL, 'интернет', 10, '2012-10-26 21:00:00', 1, '2012-10-10 21:00:00', NULL, 'off', 'delete'),
(40, 'Жулева Анна ', 'Анна', 'Жулева', '', '', '050 144 54 28', '', '0000-00-00 00:00:00', NULL, '', NULL, 'интернет', 0, '2012-09-04 21:00:00', 1, '0000-00-00 00:00:00', NULL, 'off', 'live'),
(41, 'Донец Ольгая Валерьевна', 'Ольгая', 'Донец', 'Валерьевна', '', '063 296 66 06', '', '0000-00-00 00:00:00', NULL, '', '', 'метро', 10, '2012-08-30 21:00:00', 0, '0000-00-00 00:00:00', NULL, 'off', 'live'),
(45, 'Донец Елена ', 'Елена', 'Донец', '', '', '097 37 69 580', '', '0000-00-00 00:00:00', NULL, '', NULL, 'метро', 3, '2012-09-11 21:00:00', 1, '0000-00-00 00:00:00', NULL, 'off', 'live'),
(42, 'Шмыголь Владислава ', 'Владислава', 'Шмыголь', '', '', '093 430 85 90', '', '0000-00-00 00:00:00', NULL, '', NULL, 'метро', 10, '2012-09-04 21:00:00', 1, '0000-00-00 00:00:00', NULL, 'off', 'live'),
(43, 'Венгрен Дарья ', 'Дарья', 'Венгрен', '', '', '097 43 03 068', '', '0000-00-00 00:00:00', NULL, '', NULL, 'метро', 0, '2012-09-11 21:00:00', 1, '0000-00-00 00:00:00', NULL, 'off', 'live'),
(44, 'Нестерова Юлия ', 'Юлия', 'Нестерова', '', '', '063 64 61 720', '', '0000-00-00 00:00:00', NULL, '', NULL, 'метро', 0, '2012-09-09 21:00:00', 1, '0000-00-00 00:00:00', NULL, 'off', 'live'),
(46, 'Явтушенко Виктория ', 'Виктория', 'Явтушенко', '', '', '095 63 168 59', '', '0000-00-00 00:00:00', NULL, '', NULL, 'метро', 0, '2012-09-10 21:00:00', 1, '2012-09-12 21:00:00', NULL, 'off', 'live'),
(47, 'Берковская Елена ', 'Елена', 'Берковская', '', '', '095 800 92 96', '', '0000-00-00 00:00:00', NULL, '', NULL, 'метро', 0, '2012-10-09 21:00:00', 1, '2012-10-10 21:00:00', NULL, 'off', 'live'),
(48, 'Яцюк Егор ', 'Егор', 'Яцюк', '', '', '067 120 73 03', '', '0000-00-00 00:00:00', NULL, '', NULL, 'метро', 0, '2012-09-09 21:00:00', 1, '2012-09-13 21:00:00', NULL, 'off', 'live'),
(49, 'Муса Муджахид ', 'Муджахид', 'Муса', '', '', '093 528 23 02', '', '0000-00-00 00:00:00', NULL, '', NULL, 'метро', 0, '2012-09-11 21:00:00', 1, '2012-09-13 21:00:00', NULL, 'off', 'live'),
(50, 'Манна Мохаммед ', 'Мохаммед', 'Манна', '', '', '050 55 888 18', '', '0000-00-00 00:00:00', NULL, '', NULL, 'метро', 0, '2012-09-11 21:00:00', 1, '2012-09-13 21:00:00', NULL, 'off', 'live'),
(51, 'Мельников Илья ', 'Илья', 'Мельников', '', '', '066 615 54 23', '', '0000-00-00 00:00:00', NULL, '', NULL, 'метро', 0, '2012-10-12 21:00:00', 1, '2012-10-15 21:00:00', NULL, 'off', 'live'),
(52, 'Завада Олег ', 'Олег', 'Завада', '', '', '099 487 06 28', '', '0000-00-00 00:00:00', NULL, '', NULL, 'метро', 0, '2012-08-06 21:00:00', 1, '0000-00-00 00:00:00', NULL, 'off', 'live'),
(53, 'Голубев Борис ', 'Борис', 'Голубев', '', '', '050 609 52 35', '', '0000-00-00 00:00:00', NULL, '', NULL, 'метро', 0, '2012-08-19 21:00:00', 1, '2012-09-13 21:00:00', NULL, 'off', 'live'),
(54, 'Ткачук Евгения Александровна', 'Евгения', 'Ткачук', 'Александровна', '', '097 244 68 66', '', '0000-00-00 00:00:00', NULL, '', NULL, 'метро', 0, '2012-09-17 21:00:00', 1, '0000-00-00 00:00:00', NULL, 'off', 'live'),
(55, 'Карасенко Алексей ', 'Алексей', 'Карасенко', '', '', '067 596 40 12', '', '0000-00-00 00:00:00', NULL, '', NULL, 'метро', 0, '2012-09-25 21:00:00', 1, '0000-00-00 00:00:00', NULL, 'off', 'live'),
(56, 'Глазуновская Юлия Александровна', 'Юлия', 'Глазуновская', 'Александровна', '', '066 768 90 96', '', '0000-00-00 00:00:00', NULL, '', NULL, 'метро', 0, '2012-09-23 21:00:00', 1, '2012-09-05 21:00:00', NULL, 'off', 'live'),
(57, 'Золотарев Сергей ', 'Сергей', 'Золотарев', '', '', '095 84 25 190', '', '0000-00-00 00:00:00', NULL, '', NULL, 'метро', 0, '2012-04-18 21:00:00', 1, '2012-06-05 21:00:00', NULL, 'off', 'live'),
(58, 'Срибный Дмитрий Олегович', 'Дмитрий', 'Срибный', 'Олегович', '', '098 55 95 110', '', '0000-00-00 00:00:00', NULL, '', NULL, 'метро', 0, '2012-08-30 21:00:00', 1, '2012-09-13 21:00:00', NULL, 'off', 'live'),
(59, 'Дереза Эдуард ', 'Эдуард', 'Дереза', '', '', '093 023 89 84', '', '0000-00-00 00:00:00', NULL, '', NULL, 'метро', 0, '2012-09-02 21:00:00', 1, '2012-09-13 21:00:00', NULL, 'off', 'live'),
(60, 'Нагорный Антон ', 'Антон', 'Нагорный', '', '', '050 54 27 898', '', '0000-00-00 00:00:00', NULL, '', NULL, 'метро', 0, '2012-09-02 21:00:00', 1, '2012-09-13 21:00:00', NULL, 'off', 'live'),
(61, 'Змитрович Денис ', 'Денис', 'Змитрович', '', '', '066 160 82 67', '', '0000-00-00 00:00:00', NULL, '', NULL, 'метро', 0, '2012-09-09 21:00:00', 1, '2012-09-13 21:00:00', NULL, 'off', 'live'),
(62, 'Спасова Александра ', 'Александра', 'Спасова', '', '', '093 408 85 80', '', '0000-00-00 00:00:00', NULL, '', NULL, 'метро', 0, '2012-09-03 21:00:00', 1, '2012-09-20 21:00:00', NULL, 'off', 'live'),
(63, 'Гончаров Александр ', 'Александр', 'Гончаров', '', '', '098 933 47 82', '', '0000-00-00 00:00:00', NULL, '', NULL, 'метро', 0, '2012-09-04 21:00:00', 1, '2012-09-12 21:00:00', NULL, 'off', 'live'),
(64, 'Турчина Ольга ', 'Ольга', 'Турчина', '', '', '050 402 10 22', '', '0000-00-00 00:00:00', NULL, '', NULL, 'метро', 0, '2012-03-02 22:00:00', 1, '2012-09-17 21:00:00', NULL, 'off', 'live');

-- --------------------------------------------------------

--
-- Структура таблицы `student_school_groups`
--

CREATE TABLE IF NOT EXISTS `student_school_groups` (
  `id` int(8) NOT NULL auto_increment,
  `student_id` int(6) NOT NULL,
  `school_groups_id` int(5) NOT NULL,
  `test_lesson` timestamp NOT NULL default '0000-00-00 00:00:00',
  `start_lesson_date` timestamp NOT NULL default '0000-00-00 00:00:00',
  `start_pause` timestamp NOT NULL default '0000-00-00 00:00:00',
  `stop_pause` timestamp NOT NULL default '0000-00-00 00:00:00',
  PRIMARY KEY  (`id`)
) ENGINE=MyISAM  DEFAULT CHARSET=utf8 COLLATE=utf8_unicode_ci AUTO_INCREMENT=134 ;

--
-- Дамп данных таблицы `student_school_groups`
--

INSERT INTO `student_school_groups` (`id`, `student_id`, `school_groups_id`, `test_lesson`, `start_lesson_date`, `start_pause`, `stop_pause`) VALUES
(103, 46, 28, '0000-00-00 00:00:00', '0000-00-00 00:00:00', '0000-00-00 00:00:00', '0000-00-00 00:00:00'),
(2, 3, 3, '0000-00-00 00:00:00', '2012-04-27 13:33:21', '2012-04-27 13:32:48', '2012-04-27 13:32:57'),
(3, 4, 3, '0000-00-00 00:00:00', '2012-04-27 13:33:21', '2012-04-27 13:32:48', '2012-04-27 13:32:57'),
(5, 6, 1, '0000-00-00 00:00:00', '2012-04-27 13:33:21', '2012-04-27 13:32:48', '2012-04-27 13:32:57'),
(6, 7, 1, '0000-00-00 00:00:00', '2012-04-27 13:33:21', '2012-04-27 13:32:48', '2012-04-27 13:32:57'),
(107, 48, 24, '0000-00-00 00:00:00', '2012-09-13 21:00:00', '0000-00-00 00:00:00', '0000-00-00 00:00:00'),
(129, 59, 30, '0000-00-00 00:00:00', '0000-00-00 00:00:00', '0000-00-00 00:00:00', '0000-00-00 00:00:00'),
(33, 10, 1, '0000-00-00 00:00:00', '2012-05-24 21:00:00', '0000-00-00 00:00:00', '0000-00-00 00:00:00'),
(38, 10, 3, '0000-00-00 00:00:00', '2012-05-16 21:00:00', '2012-06-27 21:00:00', '2012-06-29 21:00:00'),
(39, 10, 2, '0000-00-00 00:00:00', '2012-05-23 21:00:00', '0000-00-00 00:00:00', '0000-00-00 00:00:00'),
(128, 58, 30, '0000-00-00 00:00:00', '0000-00-00 00:00:00', '0000-00-00 00:00:00', '0000-00-00 00:00:00'),
(127, 57, 30, '0000-00-00 00:00:00', '0000-00-00 00:00:00', '0000-00-00 00:00:00', '0000-00-00 00:00:00'),
(100, 42, 28, '0000-00-00 00:00:00', '0000-00-00 00:00:00', '0000-00-00 00:00:00', '0000-00-00 00:00:00'),
(131, 62, 30, '0000-00-00 00:00:00', '0000-00-00 00:00:00', '0000-00-00 00:00:00', '0000-00-00 00:00:00'),
(106, 49, 24, '2012-09-13 21:00:00', '0000-00-00 00:00:00', '0000-00-00 00:00:00', '0000-00-00 00:00:00'),
(43, 21, 10, '0000-00-00 00:00:00', '0000-00-00 00:00:00', '0000-00-00 00:00:00', '0000-00-00 00:00:00'),
(44, 7, 11, '0000-00-00 00:00:00', '0000-00-00 00:00:00', '0000-00-00 00:00:00', '0000-00-00 00:00:00'),
(45, 21, 11, '0000-00-00 00:00:00', '0000-00-00 00:00:00', '0000-00-00 00:00:00', '0000-00-00 00:00:00'),
(99, 45, 28, '0000-00-00 00:00:00', '0000-00-00 00:00:00', '0000-00-00 00:00:00', '0000-00-00 00:00:00'),
(102, 44, 28, '0000-00-00 00:00:00', '0000-00-00 00:00:00', '0000-00-00 00:00:00', '0000-00-00 00:00:00'),
(124, 61, 29, '2012-09-13 21:00:00', '0000-00-00 00:00:00', '0000-00-00 00:00:00', '0000-00-00 00:00:00'),
(126, 56, 30, '0000-00-00 00:00:00', '0000-00-00 00:00:00', '0000-00-00 00:00:00', '0000-00-00 00:00:00'),
(108, 50, 24, '2012-09-13 21:00:00', '0000-00-00 00:00:00', '0000-00-00 00:00:00', '0000-00-00 00:00:00'),
(118, 55, 29, '0000-00-00 00:00:00', '0000-00-00 00:00:00', '0000-00-00 00:00:00', '0000-00-00 00:00:00'),
(109, 51, 24, '2012-10-15 21:00:00', '0000-00-00 00:00:00', '0000-00-00 00:00:00', '0000-00-00 00:00:00'),
(116, 53, 29, '0000-00-00 00:00:00', '0000-00-00 00:00:00', '0000-00-00 00:00:00', '0000-00-00 00:00:00'),
(98, 41, 28, '0000-00-00 00:00:00', '0000-00-00 00:00:00', '0000-00-00 00:00:00', '0000-00-00 00:00:00'),
(132, 63, 30, '2012-09-12 21:00:00', '0000-00-00 00:00:00', '0000-00-00 00:00:00', '0000-00-00 00:00:00'),
(115, 52, 29, '0000-00-00 00:00:00', '0000-00-00 00:00:00', '0000-00-00 00:00:00', '0000-00-00 00:00:00'),
(104, 47, 28, '0000-00-00 00:00:00', '0000-00-00 00:00:00', '0000-00-00 00:00:00', '0000-00-00 00:00:00'),
(90, 40, 24, '0000-00-00 00:00:00', '0000-00-00 00:00:00', '0000-00-00 00:00:00', '0000-00-00 00:00:00'),
(117, 54, 29, '0000-00-00 00:00:00', '0000-00-00 00:00:00', '0000-00-00 00:00:00', '0000-00-00 00:00:00'),
(101, 43, 28, '0000-00-00 00:00:00', '0000-00-00 00:00:00', '0000-00-00 00:00:00', '0000-00-00 00:00:00'),
(133, 64, 30, '2012-09-17 21:00:00', '0000-00-00 00:00:00', '0000-00-00 00:00:00', '0000-00-00 00:00:00'),
(130, 60, 30, '0000-00-00 00:00:00', '0000-00-00 00:00:00', '0000-00-00 00:00:00', '0000-00-00 00:00:00');

-- --------------------------------------------------------

--
-- Структура таблицы `student_status`
--

CREATE TABLE IF NOT EXISTS `student_status` (
  `id` int(5) NOT NULL auto_increment,
  `default` tinyint(1) NOT NULL,
  `in_list` tinyint(1) NOT NULL default '1',
  `name` varchar(50) collate utf8_unicode_ci NOT NULL,
  `sort` int(3) NOT NULL default '10',
  PRIMARY KEY  (`id`)
) ENGINE=MyISAM  DEFAULT CHARSET=utf8 COLLATE=utf8_unicode_ci AUTO_INCREMENT=6 ;

-- --------------------------------------------------------

--
-- Структура таблицы `teacher_lang`
--

CREATE TABLE IF NOT EXISTS `teacher_lang` (
  `id` int(10) NOT NULL auto_increment,
  `user_id` int(5) NOT NULL,
  `lang_id` int(5) NOT NULL,
  PRIMARY KEY  (`id`)
) ENGINE=MyISAM  DEFAULT CHARSET=utf8 COLLATE=utf8_unicode_ci AUTO_INCREMENT=34 ;

--
-- Дамп данных таблицы `teacher_lang`
--

INSERT INTO `teacher_lang` (`id`, `user_id`, `lang_id`) VALUES
(1, 2, 1),
(2, 2, 2),
(3, 3, 3),
(4, 3, 4),
(5, 4, 2),
(6, 5, 5),
(7, 6, 4),
(8, 7, 1),
(9, 7, 3),
(10, 7, 4),
(19, 13, 4),
(18, 13, 3),
(20, 14, 2),
(21, 14, 1),
(22, 15, 2),
(23, 16, 4),
(24, 17, 4),
(25, 18, 2),
(26, 19, 1),
(28, 20, 1),
(29, 21, 5),
(30, 21, 4),
(31, 22, 1),
(32, 23, 1),
(33, 24, 1);

-- --------------------------------------------------------

--
-- Структура таблицы `timetable_changes`
--

CREATE TABLE IF NOT EXISTS `timetable_changes` (
  `id` int(11) NOT NULL auto_increment,
  `timetable_set_id` int(11) NOT NULL,
  `change_date` date NOT NULL,
  `new_date` date NOT NULL,
  `classroom_id` int(4) NOT NULL,
  `school_groups_id` int(5) NOT NULL,
  `user_id` int(5) NOT NULL,
  `day` int(1) NOT NULL,
  `time_start` time NOT NULL,
  `time_stop` time NOT NULL,
  `cancel` varchar(10) collate utf8_unicode_ci NOT NULL default 'no',
  PRIMARY KEY  (`id`)
) ENGINE=MyISAM  DEFAULT CHARSET=utf8 COLLATE=utf8_unicode_ci AUTO_INCREMENT=257 ;

--
-- Дамп данных таблицы `timetable_changes`
--

INSERT INTO `timetable_changes` (`id`, `timetable_set_id`, `change_date`, `new_date`, `classroom_id`, `school_groups_id`, `user_id`, `day`, `time_start`, `time_stop`, `cancel`) VALUES
(35, 44, '2012-08-20', '2012-08-20', 2, 20, 15, 1, '08:00:00', '10:00:00', 'no'),
(43, 44, '2012-09-24', '2012-09-24', 2, 20, 15, 1, '14:00:00', '16:00:00', 'no'),
(230, 44, '2012-09-10', '2012-09-10', 6, 20, 15, 1, '12:00:00', '13:30:00', 'no'),
(254, 51, '2012-11-05', '2012-11-05', 4, 23, 16, 1, '14:00:00', '15:30:00', 'no'),
(229, 44, '2012-09-03', '2012-09-03', 5, 20, 15, 1, '09:30:00', '11:30:00', 'no'),
(253, 28, '2012-11-06', '2012-11-06', 5, 21, 15, 2, '17:30:00', '19:00:00', 'no'),
(252, 54, '2012-11-06', '2012-11-06', 6, 24, 19, 2, '19:00:00', '20:30:00', 'no'),
(130, 28, '2012-10-09', '2012-10-09', 5, 21, 15, 2, '13:30:00', '15:30:00', 'no'),
(155, 44, '2012-08-27', '2012-08-27', 5, 20, 14, 1, '10:30:00', '12:00:00', 'no'),
(159, 44, '2012-10-08', '2012-10-08', 5, 20, 15, 1, '11:30:00', '13:00:00', 'no'),
(249, 28, '2012-10-23', '2012-10-23', 5, 21, 15, 2, '13:30:00', '15:00:00', 'no'),
(250, 58, '2012-10-22', '2012-10-22', 5, 26, 15, 1, '08:00:00', '10:00:00', 'no'),
(251, 56, '2012-11-06', '2012-11-06', 4, 25, 14, 2, '14:00:00', '16:00:00', 'no'),
(219, 49, '2012-09-04', '2012-09-04', 1, 22, 13, 2, '14:00:00', '16:00:00', 'no'),
(255, 51, '2012-10-22', '2012-10-22', 1, 23, 16, 1, '09:00:00', '10:30:00', 'no'),
(247, 44, '2012-10-15', '2012-10-15', 5, 20, 15, 1, '08:30:00', '11:30:00', 'no'),
(256, 57, '2012-10-27', '2012-10-27', 5, 25, 15, 6, '18:30:00', '20:30:00', 'no'),
(246, 29, '2012-10-17', '2012-10-17', 2, 21, 15, 3, '17:00:00', '18:30:00', 'no');

-- --------------------------------------------------------

--
-- Структура таблицы `timetable_set`
--

CREATE TABLE IF NOT EXISTS `timetable_set` (
  `id` int(11) NOT NULL auto_increment,
  `classroom_id` int(5) NOT NULL,
  `school_groups_id` int(5) NOT NULL,
  `user_id` int(5) NOT NULL,
  `day` int(1) NOT NULL,
  `time_start` time NOT NULL,
  `time_stop` time NOT NULL,
  PRIMARY KEY  (`id`)
) ENGINE=MyISAM  DEFAULT CHARSET=utf8 COLLATE=utf8_unicode_ci AUTO_INCREMENT=72 ;

--
-- Дамп данных таблицы `timetable_set`
--

INSERT INTO `timetable_set` (`id`, `classroom_id`, `school_groups_id`, `user_id`, `day`, `time_start`, `time_stop`) VALUES
(69, 6, 30, 24, 1, '19:00:00', '20:30:00'),
(68, 1, 29, 23, 5, '19:00:00', '20:30:00'),
(67, 1, 29, 23, 3, '19:00:00', '20:30:00'),
(66, 5, 29, 23, 1, '19:00:00', '20:30:00'),
(65, 1, 28, 22, 4, '17:00:00', '18:30:00'),
(64, 6, 28, 22, 1, '16:30:00', '18:00:00'),
(63, 3, 27, 17, 4, '18:00:00', '20:00:00'),
(62, 3, 27, 13, 3, '18:00:00', '20:00:00'),
(61, 3, 27, 15, 1, '08:00:00', '10:00:00'),
(60, 6, 26, 18, 6, '10:30:00', '12:30:00'),
(53, 2, 23, 14, 5, '17:30:00', '20:00:00'),
(57, 5, 25, 15, 6, '18:30:00', '20:30:00'),
(56, 6, 25, 14, 2, '18:30:00', '20:30:00'),
(55, 6, 24, 19, 5, '17:00:00', '19:00:00'),
(54, 6, 24, 21, 2, '17:00:00', '18:30:00'),
(52, 2, 23, 15, 3, '15:30:00', '17:30:00'),
(51, 6, 23, 16, 1, '09:00:00', '10:30:00'),
(50, 1, 22, 13, 4, '17:00:00', '19:00:00'),
(49, 1, 22, 13, 2, '17:00:00', '19:00:00'),
(59, 2, 26, 18, 3, '09:00:00', '10:30:00'),
(58, 5, 26, 14, 1, '08:00:00', '10:00:00'),
(48, 5, 20, 14, 6, '16:00:00', '17:30:00'),
(45, 2, 20, 15, 4, '19:30:00', '21:30:00'),
(28, 5, 21, 15, 2, '13:30:00', '15:00:00'),
(29, 2, 21, 15, 3, '17:30:00', '19:00:00'),
(30, 3, 21, 15, 5, '17:00:00', '18:30:00'),
(44, 2, 20, 15, 1, '10:30:00', '11:30:00'),
(70, 6, 30, 24, 3, '19:00:00', '20:30:00'),
(71, 6, 30, 24, 5, '19:00:00', '20:30:00');

-- --------------------------------------------------------

--
-- Структура таблицы `users`
--

CREATE TABLE IF NOT EXISTS `users` (
  `id` mediumint(8) unsigned NOT NULL auto_increment,
  `ip_address` int(10) unsigned NOT NULL,
  `username` varchar(100) collate utf8_unicode_ci NOT NULL,
  `password` varchar(40) collate utf8_unicode_ci NOT NULL,
  `salt` varchar(40) collate utf8_unicode_ci default NULL,
  `email` varchar(100) collate utf8_unicode_ci NOT NULL,
  `activation_code` varchar(40) collate utf8_unicode_ci default NULL,
  `forgotten_password_code` varchar(40) collate utf8_unicode_ci default NULL,
  `remember_code` varchar(40) collate utf8_unicode_ci default NULL,
  `created_on` int(11) unsigned NOT NULL,
  `last_login` int(11) unsigned default NULL,
  `active` tinyint(1) unsigned default NULL,
  `fio` varchar(255) collate utf8_unicode_ci default NULL,
  `fio_name` varchar(100) collate utf8_unicode_ci NOT NULL,
  `fio_sname` varchar(100) collate utf8_unicode_ci NOT NULL,
  `fio_mname` varchar(100) collate utf8_unicode_ci NOT NULL,
  `name` varchar(150) collate utf8_unicode_ci NOT NULL default 'Антон',
  `company` varchar(100) collate utf8_unicode_ci default NULL,
  `phone` varchar(20) collate utf8_unicode_ci default NULL,
  `address` varchar(200) collate utf8_unicode_ci NOT NULL,
  `comment` varchar(255) collate utf8_unicode_ci NOT NULL,
  PRIMARY KEY  (`id`)
) ENGINE=MyISAM  DEFAULT CHARSET=utf8 COLLATE=utf8_unicode_ci AUTO_INCREMENT=25 ;

--
-- Дамп данных таблицы `users`
--

INSERT INTO `users` (`id`, `ip_address`, `username`, `password`, `salt`, `email`, `activation_code`, `forgotten_password_code`, `remember_code`, `created_on`, `last_login`, `active`, `fio`, `fio_name`, `fio_sname`, `fio_mname`, `name`, `company`, `phone`, `address`, `comment`) VALUES
(1, 2130706433, 'administrator', '59beecdf7fc966e2f17fd8f65a4a9aeb09d4a3d4', '9462e8eee0', 'admin@admin.com', '', NULL, NULL, 1268889823, 1268889823, 1, 'Admin', '', '', '', 'Антон', 'ADMIN', '0', '', ''),
(2, 111, 'teacher1', '1111', NULL, '', NULL, NULL, NULL, 11, NULL, NULL, 'Евтушенко Анна Семеновна', '', '', '', 'Антон', NULL, NULL, '', ''),
(3, 111, 'teacher2', '1111', NULL, '', NULL, NULL, NULL, 11, NULL, NULL, 'Кузнец Генадий Петрович', '', '', '', 'Антон', NULL, NULL, '', ''),
(4, 111, 'teacher3', '1111', NULL, '', NULL, NULL, NULL, 11, NULL, NULL, 'Голубь Татьяна Николаевна', '', '', '', 'Антон', NULL, NULL, '', ''),
(5, 111, 'teacher4', '1111', NULL, '', NULL, NULL, NULL, 11, NULL, NULL, 'Волк Максим Васильевич', '', '', '', 'Антон', NULL, NULL, '', ''),
(6, 111, 'teacher5', '1111', NULL, '', NULL, NULL, NULL, 11, NULL, NULL, 'Лоза Андрей Юрьевич', '', '', '', 'Антон', NULL, NULL, '', ''),
(7, 111, 'teacher6', '1111', NULL, '', NULL, NULL, NULL, 11, NULL, NULL, 'Кивенко Марина Альбертовна', '', '', '', 'Антон', NULL, NULL, '', ''),
(13, 0, '', '', NULL, 'dertom@rr.ru', NULL, NULL, NULL, 0, NULL, NULL, 'Ефремов Константин Авлентович', 'Константин', 'Ефремов', 'Авлентович', 'Антон', NULL, '05932545812', 'ул. Международная 32', 'Молодец! Очень'),
(14, 0, '', '', NULL, '', NULL, NULL, NULL, 0, NULL, NULL, 'Мирный Герман Алексеевич', 'Герман', 'Мирный', 'Алексеевич', 'Антон', NULL, '0991482516', '', ''),
(15, 0, '', '', NULL, 'y-la@mail.ru', NULL, NULL, NULL, 0, NULL, NULL, 'Куринова Юлия Вячеславовна', 'Юлия', 'Куринова', 'Вячеславовна', 'Антон', NULL, '0637603357', '', ''),
(16, 0, '', '', NULL, 'marco7519@virgilio.it', NULL, NULL, NULL, 0, NULL, NULL, 'Cirulli Marco ', 'Marco', 'Cirulli', '', 'Антон', NULL, '0669701415', '', ''),
(17, 0, '', '', NULL, 'marco7519@virgilio.it', NULL, NULL, NULL, 0, NULL, NULL, 'Cirulli Marco ', 'Marco', 'Cirulli', '', 'Антон', NULL, '80669701415', '', ''),
(18, 0, '', '', NULL, 'irennikl@rambler.ru', NULL, NULL, NULL, 0, NULL, NULL, 'Конон Ирина Александровна', 'Ирина', 'Конон', 'Александровна', 'Антон', NULL, '80662249728', '', ''),
(19, 0, '', '', NULL, '', NULL, NULL, NULL, 0, NULL, NULL, 'Стародубцева Елизавета ', 'Елизавета', 'Стародубцева', '', 'Антон', NULL, '099 235 26 04', '', ''),
(20, 0, '', '', NULL, 'megan-a-bradley@uiowa.edu', NULL, NULL, NULL, 0, NULL, NULL, 'Bradley Megan ', 'Megan', 'Bradley', '', 'Антон', NULL, '095 688 84 21 ', '', ''),
(21, 0, '', '', NULL, 'valik@mail.ru', NULL, NULL, NULL, 0, NULL, NULL, 'Курочкин Валентин Михайлович', 'Валентин', 'Курочкин', 'Михайлович', 'Антон', NULL, '057 856 85 25', 'пер. Михайловский 18', 'молодец!'),
(22, 0, '', '', NULL, '', NULL, NULL, NULL, 0, NULL, NULL, 'Лихожон Оксана ', 'Оксана', 'Лихожон', '', 'Антон', NULL, '066 83 17 967', '', ''),
(23, 0, '', '', NULL, '', NULL, NULL, NULL, 0, NULL, NULL, 'Ибрагимова Сура ', 'Сура', 'Ибрагимова', '', 'Антон', NULL, '099 050 19 96', '', ''),
(24, 0, '', '', NULL, '', NULL, NULL, NULL, 0, NULL, NULL, 'Ковтуненко Ольга ', 'Ольга', 'Ковтуненко', '', 'Антон', NULL, '097 93 92 034', '', '');

-- --------------------------------------------------------

--
-- Структура таблицы `users_groups`
--

CREATE TABLE IF NOT EXISTS `users_groups` (
  `id` mediumint(8) unsigned NOT NULL auto_increment,
  `user_id` mediumint(8) unsigned NOT NULL,
  `group_id` mediumint(8) unsigned NOT NULL,
  PRIMARY KEY  (`id`)
) ENGINE=MyISAM  DEFAULT CHARSET=utf8 COLLATE=utf8_unicode_ci AUTO_INCREMENT=26 ;

--
-- Дамп данных таблицы `users_groups`
--

INSERT INTO `users_groups` (`id`, `user_id`, `group_id`) VALUES
(1, 1, 1),
(2, 1, 2),
(3, 2, 3),
(4, 3, 3),
(5, 4, 3),
(6, 5, 3),
(7, 6, 3),
(8, 7, 3),
(9, 8, 3),
(10, 9, 3),
(11, 10, 3),
(12, 11, 3),
(13, 12, 3),
(14, 13, 3),
(15, 14, 3),
(16, 15, 3),
(17, 16, 3),
(18, 17, 3),
(19, 18, 3),
(20, 19, 3),
(21, 20, 3),
(22, 21, 3),
(23, 22, 3),
(24, 23, 3),
(25, 24, 3);

/*!40101 SET CHARACTER_SET_CLIENT=@OLD_CHARACTER_SET_CLIENT */;
/*!40101 SET CHARACTER_SET_RESULTS=@OLD_CHARACTER_SET_RESULTS */;
/*!40101 SET COLLATION_CONNECTION=@OLD_COLLATION_CONNECTION */;
